candidate_id,rank,score,reasoning
CAND_0002025,1,0.8215,"Matches: faiss, nlp | Missing: valuation, rust | 6y exp matches requirement | Strong trajectory | Active candidate"
CAND_0088025,2,0.7558,"Matches: nlp, python | Missing: valuation, rust | 9y exp matches requirement | Strong trajectory | Active candidate"
CAND_0088025,3,0.7558,"Matches: nlp, python | Missing: valuation, rust | 9y exp matches requirement | Strong trajectory | Active candidate"
CAND_0004402,4,0.7557,"Matches: computer vision | Missing: valuation, rust | 6y exp matches requirement | Strong trajectory | Active candidate"
CAND_0081846,5,0.7556,"Matches: python, embeddings | Missing: valuation, rust | 7y exp matches requirement | Strong trajectory | Active candidate"
CAND_0081846,6,0.7556,"Matches: python, embeddings | Missing: valuation, rust | 7y exp matches requirement | Strong trajectory | Active candidate"
CAND_0003791,7,0.7554,"Matches: computer vision, python | Missing: valuation, rust | 7y exp matches requirement | Strong trajectory | Active candidate"
CAND_0000031,8,0.7539,"Matches: faiss, go | Missing: valuation, rust | 6y exp matches requirement | Strong trajectory | Active candidate"
CAND_0077337,9,0.7535,"Matches: python | Missing: valuation, rust | 7y exp matches requirement | Strong trajectory | Active candidate"
CAND_0077337,10,0.7535,"Matches: python | Missing: valuation, rust | 7y exp matches requirement | Strong trajectory | Active candidate"
CAND_0046525,11,0.7532,"Matches: nlp, langchain | Missing: valuation, rust | 6y exp matches requirement | Strong trajectory | Active candidate"
CAND_0046525,12,0.7532,"Matches: nlp, langchain | Missing: valuation, rust | 6y exp matches requirement | Strong trajectory | Active candidate"
CAND_0071974,13,0.7516,"Matches: embeddings | Missing: valuation, rust | 8y exp matches requirement | Strong trajectory | Active candidate"
CAND_0071974,14,0.7516,"Matches: embeddings | Missing: valuation, rust | 8y exp matches requirement | Strong trajectory | Active candidate"
CAND_0040887,15,0.7508,"Matches: faiss, computer vision | Missing: valuation, rust | Below: 5y vs 5y needed | Strong trajectory | Active candidate"
CAND_0040887,16,0.7508,"Matches: faiss, computer vision | Missing: valuation, rust | Below: 5y vs 5y needed | Strong trajectory | Active candidate"
CAND_0005260,17,0.7474,"Matches: nlp, python | Missing: valuation, rust | 5y exp matches requirement | Strong trajectory | Active candidate"
CAND_0005260,18,0.7474,"Matches: nlp, python | Missing: valuation, rust | 5y exp matches requirement | Strong trajectory | Active candidate"
CAND_0003977,19,0.7448,"Matches: nlp, python | Missing: valuation, rust | Below: 5y vs 5y needed | Strong trajectory"
CAND_0098846,20,0.7438,"Missing: valuation, rust | 8y exp matches requirement | Strong trajectory | Active candidate"
CAND_0098846,21,0.7438,"Missing: valuation, rust | 8y exp matches requirement | Strong trajectory | Active candidate"
CAND_0004620,22,0.7417,"Matches: faiss, langchain | Missing: valuation, rust | 5y exp matches requirement | Strong trajectory"
CAND_0001147,23,0.7416,"Matches: faiss, computer vision | Missing: valuation, rust | Over: 12y vs max 9y | Strong trajectory"
CAND_0079387,24,0.7399,"Matches: python | Missing: valuation, rust | 7y exp matches requirement | Strong trajectory | Active candidate"
CAND_0079387,25,0.7399,"Matches: python | Missing: valuation, rust | 7y exp matches requirement | Strong trajectory | Active candidate"
CAND_0030031,26,0.738,"Matches: nlp, python | Missing: valuation, rust | 6y exp matches requirement | Strong trajectory | Active candidate"
CAND_0030031,27,0.738,"Matches: nlp, python | Missing: valuation, rust | 6y exp matches requirement | Strong trajectory | Active candidate"
CAND_0001537,28,0.7362,"Matches: faiss, langchain | Missing: valuation, rust | 6y exp matches requirement | Strong trajectory"
CAND_0070525,29,0.7362,"Matches: computer vision, python | Missing: valuation, rust | 5y exp matches requirement | Strong trajectory | Active candidate"
CAND_0070525,30,0.7362,"Matches: computer vision, python | Missing: valuation, rust | 5y exp matches requirement | Strong trajectory | Active candidate"
CAND_0061257,31,0.7351,"Matches: python | Missing: valuation, rust | 8y exp matches requirement | Strong trajectory | Active candidate"
CAND_0061257,32,0.7351,"Matches: python | Missing: valuation, rust | 8y exp matches requirement | Strong trajectory | Active candidate"
CAND_0028793,33,0.735,"Matches: nlp, embeddings | Missing: valuation, rust | 7y exp matches requirement | Strong trajectory | Active candidate"
CAND_0028793,34,0.735,"Matches: nlp, embeddings | Missing: valuation, rust | 7y exp matches requirement | Strong trajectory | Active candidate"
CAND_0004733,35,0.7337,"Matches: rust, faiss | Missing: valuation, git | 6y exp matches requirement | Strong trajectory"
CAND_0099806,36,0.7329,"Matches: faiss, embeddings | Missing: valuation, rust | Below: 5y vs 5y needed | Strong trajectory | Active candidate"
CAND_0099806,37,0.7329,"Matches: faiss, embeddings | Missing: valuation, rust | Below: 5y vs 5y needed | Strong trajectory | Active candidate"
CAND_0012957,38,0.7311,"Matches: langchain, python | Missing: valuation, rust | Below: 5y vs 5y needed | Strong trajectory"
CAND_0012957,39,0.7311,"Matches: langchain, python | Missing: valuation, rust | Below: 5y vs 5y needed | Strong trajectory"
CAND_0000821,40,0.7303,"Matches: rust, faiss | Missing: valuation, git | 7y exp matches requirement | Strong trajectory"
CAND_0003029,41,0.7295,"Matches: faiss, langchain | Missing: valuation, rust | 7y exp matches requirement | Strong trajectory"
CAND_0004008,42,0.728,"Matches: rust, faiss | Missing: valuation, git | 7y exp matches requirement | Strong trajectory"
CAND_0047907,43,0.7277,"Matches: computer vision, nlp | Missing: valuation, rust | 7y exp matches requirement | Strong trajectory"
CAND_0047907,44,0.7277,"Matches: computer vision, nlp | Missing: valuation, rust | 7y exp matches requirement | Strong trajectory"
CAND_0004402,45,0.7269,"Matches: computer vision | Missing: valuation, rust | 6y exp matches requirement | Strong trajectory | Active candidate"
CAND_0004402,46,0.7269,"Matches: computer vision | Missing: valuation, rust | 6y exp matches requirement | Strong trajectory | Active candidate"
CAND_0001819,47,0.7268,"Matches: computer vision, nlp | Missing: valuation, rust | Below: 4y vs 5y needed | Strong trajectory | Active candidate"
CAND_0000828,48,0.7267,"Matches: faiss, langchain | Missing: valuation, rust | Over: 10y vs max 9y | Strong trajectory"
CAND_0044222,49,0.7262,"Matches: nlp, langchain | Missing: valuation, rust | 8y exp matches requirement | Strong trajectory | Active candidate"
CAND_0044222,50,0.7262,"Matches: nlp, langchain | Missing: valuation, rust | 8y exp matches requirement | Strong trajectory | Active candidate"
CAND_0001980,51,0.7261,"Matches: faiss, langchain | Missing: valuation, rust | 9y exp matches requirement | Strong trajectory"
CAND_0000932,52,0.7257,"Matches: faiss, langchain | Missing: valuation, rust | 7y exp matches requirement | Strong trajectory"
CAND_0000847,53,0.7253,"Matches: faiss, computer vision | Missing: valuation, rust | Over: 14y vs max 9y | Strong trajectory"
CAND_0007460,54,0.7252,"Matches: computer vision, nlp | Missing: valuation, rust | Below: 5y vs 5y needed | Strong trajectory"
CAND_0007460,55,0.7252,"Matches: computer vision, nlp | Missing: valuation, rust | Below: 5y vs 5y needed | Strong trajectory"
CAND_0000987,56,0.7231,"Matches: faiss, computer vision | Missing: valuation, rust | Below: 5y vs 5y needed | Strong trajectory"
CAND_0003557,57,0.7221,"Matches: computer vision, langchain | Missing: valuation, rust | 7y exp matches requirement | Strong trajectory"
CAND_0055992,58,0.7219,"Matches: faiss, langchain | Missing: valuation, rust | Over: 17y vs max 9y | Strong trajectory | Active candidate"
CAND_0055992,59,0.7219,"Matches: faiss, langchain | Missing: valuation, rust | Over: 17y vs max 9y | Strong trajectory | Active candidate"
CAND_0070496,60,0.7219,"Matches: nlp | Missing: valuation, rust | 6y exp matches requirement | Strong trajectory | Active candidate"
CAND_0070496,61,0.7219,"Matches: nlp | Missing: valuation, rust | 6y exp matches requirement | Strong trajectory | Active candidate"
CAND_0003575,62,0.7217,"Matches: nlp, embeddings | Missing: valuation, rust | Below: 4y vs 5y needed | Strong trajectory | Active candidate"
CAND_0003560,63,0.7215,"Matches: rust, langchain | Missing: valuation, git | Over: 13y vs max 9y | Strong trajectory | Active candidate"
CAND_0059017,64,0.72,"Matches: faiss, python | Missing: valuation, rust | 7y exp matches requirement | Strong trajectory | Active candidate"
CAND_0059017,65,0.72,"Matches: faiss, python | Missing: valuation, rust | 7y exp matches requirement | Strong trajectory | Active candidate"
CAND_0005538,66,0.7193,"Matches: python | Missing: valuation, rust | 6y exp matches requirement | Strong trajectory | Active candidate"
CAND_0005538,67,0.7193,"Matches: python | Missing: valuation, rust | 6y exp matches requirement | Strong trajectory | Active candidate"
CAND_0004534,68,0.7192,"Matches: computer vision | Missing: valuation, rust | Below: 4y vs 5y needed | Strong trajectory | Active candidate"
CAND_0020350,69,0.7192,"Matches: faiss, nlp | Missing: valuation, rust | 6y exp matches requirement | Strong trajectory | Active candidate"
CAND_0020350,70,0.7192,"Matches: faiss, nlp | Missing: valuation, rust | 6y exp matches requirement | Strong trajectory | Active candidate"
CAND_0031593,71,0.7192,"Matches: langchain, embeddings | Missing: valuation, rust | 8y exp matches requirement | Strong trajectory"
CAND_0031593,72,0.7192,"Matches: langchain, embeddings | Missing: valuation, rust | 8y exp matches requirement | Strong trajectory"
CAND_0002344,73,0.7188,"Matches: nlp | Missing: valuation, rust | Below: 5y vs 5y needed | Strong trajectory"
CAND_0094759,74,0.7188,"Matches: faiss, nlp | Missing: valuation, rust | 9y exp matches requirement | Strong trajectory"
CAND_0094759,75,0.7188,"Matches: faiss, nlp | Missing: valuation, rust | 9y exp matches requirement | Strong trajectory"
CAND_0000915,76,0.7187,"Matches: faiss, embeddings | Missing: valuation, rust | Over: 9y vs max 9y | Strong trajectory"
CAND_0092706,77,0.7181,"Missing: valuation, rust | 6y exp matches requirement | Strong trajectory | Active candidate"
CAND_0092706,78,0.7181,"Missing: valuation, rust | 6y exp matches requirement | Strong trajectory | Active candidate"
CAND_0075491,79,0.7179,"Matches: computer vision, langchain | Missing: valuation, rust | 6y exp matches requirement | Strong trajectory | Active candidate"
CAND_0075491,80,0.7179,"Matches: computer vision, langchain | Missing: valuation, rust | 6y exp matches requirement | Strong trajectory | Active candidate"
CAND_0090300,81,0.7177,"Matches: langchain | Missing: valuation, rust | 5y exp matches requirement | Strong trajectory | Active candidate"
CAND_0090300,82,0.7177,"Matches: langchain | Missing: valuation, rust | 5y exp matches requirement | Strong trajectory | Active candidate"
CAND_0000967,83,0.7171,"Matches: faiss, langchain | Missing: valuation, rust | 5y exp matches requirement | Strong trajectory"
CAND_0001610,84,0.7167,"Matches: faiss, computer vision | Missing: valuation, rust | Below: 3y vs 5y needed | Strong trajectory"
CAND_0051466,85,0.7161,"Matches: langchain | Missing: valuation, rust | 5y exp matches requirement | Strong trajectory | Active candidate"
CAND_0051466,86,0.7161,"Matches: langchain | Missing: valuation, rust | 5y exp matches requirement | Strong trajectory | Active candidate"
CAND_0005311,87,0.7161,"Matches: nlp | Missing: valuation, rust | 6y exp matches requirement | Strong trajectory | Active candidate"
CAND_0005311,88,0.7161,"Matches: nlp | Missing: valuation, rust | 6y exp matches requirement | Strong trajectory | Active candidate"
CAND_0049896,89,0.7158,"Matches: computer vision, nlp | Missing: valuation, rust | 7y exp matches requirement | Strong trajectory"
CAND_0049896,90,0.7158,"Matches: computer vision, nlp | Missing: valuation, rust | 7y exp matches requirement | Strong trajectory"
CAND_0001088,91,0.7157,"Matches: faiss, langchain | Missing: valuation, rust | 8y exp matches requirement | Strong trajectory"
CAND_0000739,92,0.7156,"Matches: faiss, embeddings | Missing: valuation, rust | Over: 11y vs max 9y | Strong trajectory"
CAND_0017590,93,0.7151,"Matches: faiss, computer vision | Missing: valuation, rust | 5y exp matches requirement | Strong trajectory"
CAND_0017590,94,0.7151,"Matches: faiss, computer vision | Missing: valuation, rust | 5y exp matches requirement | Strong trajectory"
CAND_0001347,95,0.7149,"Matches: rust, faiss | Missing: valuation, git | 9y exp matches requirement | Strong trajectory"
CAND_0004477,96,0.7148,"Matches: faiss, langchain | Missing: valuation, rust | Over: 10y vs max 9y | Strong trajectory"
CAND_0002413,97,0.7144,"Matches: computer vision, go | Missing: valuation, rust | 9y exp matches requirement | Strong trajectory"
CAND_0055960,98,0.7143,"Missing: valuation, rust | Below: 5y vs 5y needed | Strong trajectory | Active candidate"
CAND_0055960,99,0.7143,"Missing: valuation, rust | Below: 5y vs 5y needed | Strong trajectory | Active candidate"
CAND_0047310,100,0.7142,"Matches: computer vision | Missing: valuation, rust | 7y exp matches requirement | Strong trajectory"
CAND_0047310,101,0.7142,"Matches: computer vision | Missing: valuation, rust | 7y exp matches requirement | Strong trajectory"
CAND_0058146,102,0.7141,"Matches: computer vision | Missing: valuation, rust | 5y exp matches requirement | Strong trajectory | Active candidate"
CAND_0058146,103,0.7141,"Matches: computer vision | Missing: valuation, rust | 5y exp matches requirement | Strong trajectory | Active candidate"
CAND_0004800,104,0.7133,"Matches: faiss, langchain | Missing: valuation, rust | Over: 12y vs max 9y | Strong trajectory"
CAND_0004236,105,0.7132,"Matches: rust, faiss | Missing: valuation, git | Below: 5y vs 5y needed | Strong trajectory"
CAND_0087630,106,0.7131,"Matches: nlp, embeddings | Missing: valuation, rust | 7y exp matches requirement | Strong trajectory"
CAND_0087630,107,0.7131,"Matches: nlp, embeddings | Missing: valuation, rust | 7y exp matches requirement | Strong trajectory"
CAND_0000422,108,0.7127,"Matches: python | Missing: valuation, rust | 6y exp matches requirement | Strong trajectory"
CAND_0068351,109,0.7126,"Matches: nlp, python | Missing: valuation, rust | 6y exp matches requirement | Strong trajectory | Active candidate"
CAND_0068351,110,0.7126,"Matches: nlp, python | Missing: valuation, rust | 6y exp matches requirement | Strong trajectory | Active candidate"
CAND_0003895,111,0.7123,"Matches: faiss, langchain | Missing: valuation, rust | 8y exp matches requirement | Strong trajectory"
CAND_0043958,112,0.7122,"Matches: faiss | Missing: valuation, rust | 7y exp matches requirement | Strong trajectory"
CAND_0043958,113,0.7122,"Matches: faiss | Missing: valuation, rust | 7y exp matches requirement | Strong trajectory"
CAND_0054859,114,0.712,"Matches: rust, computer vision | Missing: valuation, git | 7y exp matches requirement | Strong trajectory"
CAND_0054859,115,0.712,"Matches: rust, computer vision | Missing: valuation, git | 7y exp matches requirement | Strong trajectory"
CAND_0054546,116,0.7118,"Missing: valuation, rust | Below: 5y vs 5y needed | Strong trajectory | Active candidate"
CAND_0054546,117,0.7118,"Missing: valuation, rust | Below: 5y vs 5y needed | Strong trajectory | Active candidate"
CAND_0006757,118,0.7116,"Matches: computer vision, embeddings | Missing: valuation, rust | 5y exp matches requirement | Strong trajectory | Active candidate"
CAND_0006757,119,0.7116,"Matches: computer vision, embeddings | Missing: valuation, rust | 5y exp matches requirement | Strong trajectory | Active candidate"
CAND_0014858,120,0.7115,"Matches: faiss, langchain | Missing: valuation, rust | Below: 5y vs 5y needed | Strong trajectory"
CAND_0014858,121,0.7115,"Matches: faiss, langchain | Missing: valuation, rust | Below: 5y vs 5y needed | Strong trajectory"
CAND_0001600,122,0.7114,"Matches: computer vision | Missing: valuation, rust | 6y exp matches requirement | Strong trajectory"
CAND_0002631,123,0.7113,"Matches: faiss, langchain | Missing: valuation, rust | 6y exp matches requirement | Strong trajectory"
CAND_0002590,124,0.7113,"Matches: langchain, embeddings | Missing: valuation, rust | 5y exp matches requirement | Strong trajectory"
CAND_0065139,125,0.7111,"Matches: computer vision, langchain | Missing: valuation, rust | 5y exp matches requirement | Strong trajectory | Active candidate"
CAND_0065139,126,0.7111,"Matches: computer vision, langchain | Missing: valuation, rust | 5y exp matches requirement | Strong trajectory | Active candidate"
CAND_0003515,127,0.7109,"Matches: faiss, langchain | Missing: valuation, rust | 6y exp matches requirement | Strong trajectory"
CAND_0002005,128,0.7109,"Matches: faiss, langchain | Missing: valuation, rust | Over: 11y vs max 9y | Strong trajectory"
CAND_0004972,129,0.7109,"Missing: valuation, rust | 6y exp matches requirement | Strong trajectory | Active candidate"
CAND_0001206,130,0.7108,"Matches: faiss | Missing: valuation, rust | 9y exp matches requirement | Strong trajectory"
CAND_0002557,131,0.7107,"Matches: faiss, langchain | Missing: valuation, rust | 8y exp matches requirement | Strong trajectory"
CAND_0002793,132,0.7104,"Matches: faiss, langchain | Missing: valuation, rust | 6y exp matches requirement | Strong trajectory | Active candidate"
CAND_0000664,133,0.7103,"Matches: rust, faiss | Missing: valuation, git | 7y exp matches requirement | Strong trajectory"
CAND_0000322,134,0.7102,"Matches: rust, langchain | Missing: valuation, git | Over: 12y vs max 9y | Strong trajectory"
CAND_0002120,135,0.7102,"Matches: embeddings | Missing: valuation, rust | 6y exp matches requirement | Strong trajectory | Active candidate"
CAND_0098288,136,0.7101,"Matches: nlp, python | Missing: valuation, rust | 7y exp matches requirement | Strong trajectory"
CAND_0098288,137,0.7101,"Matches: nlp, python | Missing: valuation, rust | 7y exp matches requirement | Strong trajectory"
CAND_0002706,138,0.7098,"Missing: valuation, rust | 7y exp matches requirement | Strong trajectory | Active candidate"
CAND_0094165,139,0.7097,"Missing: valuation, rust | 6y exp matches requirement | Strong trajectory | Active candidate"
CAND_0094165,140,0.7097,"Missing: valuation, rust | 6y exp matches requirement | Strong trajectory | Active candidate"
CAND_0091899,141,0.7095,"Matches: faiss, computer vision | Missing: valuation, rust | 6y exp matches requirement | Strong trajectory"
CAND_0091899,142,0.7095,"Matches: faiss, computer vision | Missing: valuation, rust | 6y exp matches requirement | Strong trajectory"
CAND_0001651,143,0.7092,"Missing: valuation, rust | 6y exp matches requirement | Strong trajectory"
CAND_0028430,144,0.7091,"Matches: rust, computer vision | Missing: valuation, git | 8y exp matches requirement | Strong trajectory | Active candidate"
CAND_0028430,145,0.7091,"Matches: rust, computer vision | Missing: valuation, git | 8y exp matches requirement | Strong trajectory | Active candidate"
CAND_0078508,146,0.7089,"Matches: nlp, embeddings | Missing: valuation, rust | 5y exp matches requirement | Strong trajectory"
CAND_0078508,147,0.7089,"Matches: nlp, embeddings | Missing: valuation, rust | 5y exp matches requirement | Strong trajectory"
CAND_0001009,148,0.7088,"Matches: faiss, langchain | Missing: valuation, rust | 6y exp matches requirement | Strong trajectory"
CAND_0078785,149,0.7087,"Matches: langchain | Missing: valuation, rust | 6y exp matches requirement | Strong trajectory"
CAND_0078785,150,0.7087,"Matches: langchain | Missing: valuation, rust | 6y exp matches requirement | Strong trajectory"
CAND_0006567,151,0.7082,"Matches: nlp, python | Missing: valuation, rust | 8y exp matches requirement | Strong trajectory | Active candidate"
CAND_0006567,152,0.7082,"Matches: nlp, python | Missing: valuation, rust | 8y exp matches requirement | Strong trajectory | Active candidate"
CAND_0051615,153,0.7082,"Matches: computer vision, nlp | Missing: valuation, rust | Below: 5y vs 5y needed | Strong trajectory | Active candidate"
CAND_0051615,154,0.7082,"Matches: computer vision, nlp | Missing: valuation, rust | Below: 5y vs 5y needed | Strong trajectory | Active candidate"
CAND_0000120,155,0.7081,"Matches: langchain, embeddings | Missing: valuation, rust | 6y exp matches requirement | Strong trajectory"
CAND_0053591,156,0.7081,"Matches: langchain, embeddings | Missing: valuation, rust | 5y exp matches requirement | Strong trajectory | Active candidate"
CAND_0053591,157,0.7081,"Matches: langchain, embeddings | Missing: valuation, rust | 5y exp matches requirement | Strong trajectory | Active candidate"
CAND_0003004,158,0.7073,"Matches: faiss, langchain | Missing: valuation, rust | 6y exp matches requirement | Strong trajectory"
CAND_0001729,159,0.7073,"Matches: computer vision | Missing: valuation, rust | 6y exp matches requirement | Strong trajectory"
CAND_0003717,160,0.7068,"Matches: go | Missing: valuation, rust | 8y exp matches requirement | Strong trajectory | Active candidate"
CAND_0091748,161,0.7068,"Matches: computer vision | Missing: valuation, rust | 6y exp matches requirement | Strong trajectory"
CAND_0091748,162,0.7068,"Matches: computer vision | Missing: valuation, rust | 6y exp matches requirement | Strong trajectory"
CAND_0002344,163,0.7065,"Matches: nlp | Missing: valuation, rust | Below: 5y vs 5y needed | Strong trajectory"
CAND_0002344,164,0.7065,"Matches: nlp | Missing: valuation, rust | Below: 5y vs 5y needed | Strong trajectory"
CAND_0054100,165,0.7064,"Matches: computer vision | Missing: valuation, rust | 6y exp matches requirement | Strong trajectory | Active candidate"
CAND_0054100,166,0.7064,"Matches: computer vision | Missing: valuation, rust | 6y exp matches requirement | Strong trajectory | Active candidate"
CAND_0002545,167,0.7062,"Matches: rust, faiss | Missing: valuation, git | 7y exp matches requirement | Strong trajectory"
CAND_0060072,168,0.7062,"Matches: embeddings | Missing: valuation, rust | 6y exp matches requirement | Strong trajectory"
CAND_0060072,169,0.7062,"Matches: embeddings | Missing: valuation, rust | 6y exp matches requirement | Strong trajectory"
CAND_0071747,170,0.7062,"Matches: python | Missing: valuation, rust | Below: 4y vs 5y needed | Strong trajectory | Active candidate"
CAND_0071747,171,0.7062,"Matches: python | Missing: valuation, rust | Below: 4y vs 5y needed | Strong trajectory | Active candidate"
CAND_0001095,172,0.7056,"Matches: faiss, langchain | Missing: valuation, rust | Over: 10y vs max 9y | Strong trajectory"
CAND_0044890,173,0.7056,"Matches: rust, faiss | Missing: valuation, git | 5y exp matches requirement | Strong trajectory"
CAND_0044890,174,0.7056,"Matches: rust, faiss | Missing: valuation, git | 5y exp matches requirement | Strong trajectory"
CAND_0029439,175,0.7056,"Matches: nlp | Missing: valuation, rust | 6y exp matches requirement | Strong trajectory | Active candidate"
CAND_0029439,176,0.7056,"Matches: nlp | Missing: valuation, rust | 6y exp matches requirement | Strong trajectory | Active candidate"
CAND_0004500,177,0.7055,"Matches: rust, faiss | Missing: valuation, git | 6y exp matches requirement | Strong trajectory"
CAND_0043829,178,0.7054,"Matches: go | Missing: valuation, rust | Below: 5y vs 5y needed | Strong trajectory | Active candidate"
CAND_0043829,179,0.7054,"Matches: go | Missing: valuation, rust | Below: 5y vs 5y needed | Strong trajectory | Active candidate"
CAND_0002257,180,0.7053,"Matches: computer vision | Missing: valuation, rust | Over: 10y vs max 9y | Strong trajectory"
CAND_0001776,181,0.7052,"Matches: faiss, langchain | Missing: valuation, rust | 5y exp matches requirement | Strong trajectory"
CAND_0002884,182,0.7052,"Missing: valuation, rust | 6y exp matches requirement | Strong trajectory"
CAND_0002112,183,0.7051,"Matches: rust, faiss | Missing: valuation, git | 6y exp matches requirement | Strong trajectory"
CAND_0002950,184,0.705,"Matches: faiss, langchain | Missing: valuation, rust | Over: 10y vs max 9y | Strong trajectory"
CAND_0001547,185,0.705,"Matches: computer vision, go | Missing: valuation, rust | 6y exp matches requirement | Strong trajectory"
CAND_0003805,186,0.7047,"Matches: faiss, langchain | Missing: valuation, rust | Over: 14y vs max 9y | Strong trajectory"
CAND_0070653,187,0.7046,"Matches: faiss, computer vision | Missing: valuation, rust | 5y exp matches requirement | Strong trajectory"
CAND_0070653,188,0.7046,"Matches: faiss, computer vision | Missing: valuation, rust | 5y exp matches requirement | Strong trajectory"
CAND_0080102,189,0.7046,"Matches: computer vision, nlp | Missing: valuation, rust | 6y exp matches requirement | Strong trajectory"
CAND_0080102,190,0.7046,"Matches: computer vision, nlp | Missing: valuation, rust | 6y exp matches requirement | Strong trajectory"
CAND_0006821,191,0.7045,"Matches: faiss, computer vision | Missing: valuation, rust | 5y exp matches requirement | Strong trajectory"
CAND_0006821,192,0.7045,"Matches: faiss, computer vision | Missing: valuation, rust | 5y exp matches requirement | Strong trajectory"
CAND_0002830,193,0.7044,"Matches: faiss, langchain | Missing: valuation, rust | Over: 9y vs max 9y | Strong trajectory"
CAND_0001193,194,0.7044,"Matches: rust, computer vision | Missing: valuation, git | 5y exp matches requirement | Strong trajectory"
CAND_0010541,195,0.7043,"Matches: computer vision, nlp | Missing: valuation, rust | 6y exp matches requirement | Strong trajectory"
CAND_0010541,196,0.7043,"Matches: computer vision, nlp | Missing: valuation, rust | 6y exp matches requirement | Strong trajectory"
CAND_0080315,197,0.7043,"Matches: faiss, nlp | Missing: valuation, rust | Below: 4y vs 5y needed | Strong trajectory"
CAND_0080315,198,0.7043,"Matches: faiss, nlp | Missing: valuation, rust | Below: 4y vs 5y needed | Strong trajectory"
CAND_0000330,199,0.7041,"Matches: rust, langchain | Missing: valuation, git | Over: 12y vs max 9y | Strong trajectory"
CAND_0051936,200,0.7041,"Matches: python, embeddings | Missing: valuation, rust | Below: 4y vs 5y needed | Strong trajectory | Active candidate"
CAND_0051936,201,0.7041,"Matches: python, embeddings | Missing: valuation, rust | Below: 4y vs 5y needed | Strong trajectory | Active candidate"
CAND_0002623,202,0.704,"Matches: faiss, langchain | Missing: valuation, rust | 8y exp matches requirement | Strong trajectory"
CAND_0001968,203,0.7038,"Matches: nlp | Missing: valuation, rust | Below: 4y vs 5y needed | Strong trajectory | Active candidate"
CAND_0003641,204,0.7035,"Missing: valuation, rust | 8y exp matches requirement | Strong trajectory | Active candidate"
CAND_0004320,205,0.7034,"Matches: faiss, langchain | Missing: valuation, rust | Over: 12y vs max 9y | Strong trajectory"
CAND_0001227,206,0.7032,"Matches: computer vision | Missing: valuation, rust | 7y exp matches requirement | Strong trajectory"
CAND_0096131,207,0.7031,"Missing: valuation, rust | 5y exp matches requirement | Strong trajectory"
CAND_0096131,208,0.7031,"Missing: valuation, rust | 5y exp matches requirement | Strong trajectory"
CAND_0002979,209,0.7028,"Missing: valuation, rust | 7y exp matches requirement | Strong trajectory"
CAND_0082973,210,0.7028,"Matches: computer vision, python | Missing: valuation, rust | 6y exp matches requirement | Strong trajectory"
CAND_0082973,211,0.7028,"Matches: computer vision, python | Missing: valuation, rust | 6y exp matches requirement | Strong trajectory"
CAND_0000273,212,0.7027,"Missing: valuation, rust | 6y exp matches requirement | Strong trajectory | Active candidate"
CAND_0001940,213,0.7023,"Matches: faiss, computer vision | Missing: valuation, rust | Below: 4y vs 5y needed | Strong trajectory"
CAND_0000541,214,0.7021,"Matches: faiss, langchain | Missing: valuation, rust | Over: 12y vs max 9y | Strong trajectory"
CAND_0003117,215,0.702,"Matches: faiss, langchain | Missing: valuation, rust | Over: 10y vs max 9y | Strong trajectory"
CAND_0002525,216,0.7018,"Matches: faiss, embeddings | Missing: valuation, rust | 8y exp matches requirement | Strong trajectory"
CAND_0069248,217,0.7018,"Matches: rust, faiss | Missing: valuation, git | 5y exp matches requirement | Strong trajectory"
CAND_0069248,218,0.7018,"Matches: rust, faiss | Missing: valuation, git | 5y exp matches requirement | Strong trajectory"
CAND_0082333,219,0.7017,"Matches: rust, go | Missing: valuation, git | 6y exp matches requirement | Strong trajectory | Active candidate"
CAND_0082333,220,0.7017,"Matches: rust, go | Missing: valuation, git | 6y exp matches requirement | Strong trajectory | Active candidate"
CAND_0000165,221,0.7016,"Missing: valuation, rust | 7y exp matches requirement | Strong trajectory"
CAND_0000083,222,0.7011,"Matches: faiss, langchain | Missing: valuation, rust | 7y exp matches requirement | Strong trajectory"
CAND_0095858,223,0.7008,"Matches: computer vision, langchain | Missing: valuation, rust | Below: 4y vs 5y needed | Strong trajectory"
CAND_0095858,224,0.7008,"Matches: computer vision, langchain | Missing: valuation, rust | Below: 4y vs 5y needed | Strong trajectory"
CAND_0000361,225,0.7007,"Matches: faiss, langchain | Missing: valuation, rust | Over: 10y vs max 9y | Strong trajectory"
CAND_0004196,226,0.7007,"Matches: langchain, embeddings | Missing: valuation, rust | 7y exp matches requirement | Strong trajectory"
CAND_0003871,227,0.7005,"Matches: langchain | Missing: valuation, rust | 8y exp matches requirement | Strong trajectory | Active candidate"
CAND_0007411,228,0.7005,"Matches: computer vision | Missing: valuation, rust | 8y exp matches requirement | Strong trajectory"
CAND_0007411,229,0.7005,"Matches: computer vision | Missing: valuation, rust | 8y exp matches requirement | Strong trajectory"
CAND_0003100,230,0.7003,"Matches: computer vision | Missing: valuation, rust | 6y exp matches requirement | Strong trajectory"
CAND_0001267,231,0.7002,"Matches: computer vision, embeddings | Missing: valuation, rust | 6y exp matches requirement | Strong trajectory"
CAND_0001921,232,0.7001,"Matches: faiss, langchain | Missing: valuation, rust | 5y exp matches requirement | Strong trajectory"
CAND_0003625,233,0.7,"Matches: rust, faiss | Missing: valuation, git | 7y exp matches requirement | Strong trajectory"
CAND_0002336,234,0.7,"Matches: embeddings | Missing: valuation, rust | 9y exp matches requirement | Strong trajectory"
CAND_0046278,235,0.7,"Matches: nlp, embeddings | Missing: valuation, rust | Below: 5y vs 5y needed | Strong trajectory"
CAND_0046278,236,0.7,"Matches: nlp, embeddings | Missing: valuation, rust | Below: 5y vs 5y needed | Strong trajectory"
CAND_0018888,237,0.7,"Matches: faiss | Missing: valuation, rust | 6y exp matches requirement | Strong trajectory | Active candidate"
CAND_0018888,238,0.7,"Matches: faiss | Missing: valuation, rust | 6y exp matches requirement | Strong trajectory | Active candidate"
CAND_0073620,239,0.6999,"Matches: faiss, python | Missing: valuation, rust | Below: 4y vs 5y needed | Strong trajectory"
CAND_0073620,240,0.6999,"Matches: faiss, python | Missing: valuation, rust | Below: 4y vs 5y needed | Strong trajectory"
CAND_0043125,241,0.6997,"Missing: valuation, rust | 5y exp matches requirement | Strong trajectory"
CAND_0043125,242,0.6997,"Missing: valuation, rust | 5y exp matches requirement | Strong trajectory"
CAND_0002914,243,0.6996,"Matches: rust | Missing: valuation, git | 6y exp matches requirement | Strong trajectory"
CAND_0000578,244,0.6996,"Matches: nlp | Missing: valuation, rust | 7y exp matches requirement | Strong trajectory"
CAND_0001113,245,0.6995,"Matches: rust, langchain | Missing: valuation, git | Below: 4y vs 5y needed | Strong trajectory"
CAND_0004449,246,0.6995,"Matches: faiss, langchain | Missing: valuation, rust | 6y exp matches requirement | Strong trajectory"
CAND_0001224,247,0.6993,"Matches: rust, faiss | Missing: valuation, git | 5y exp matches requirement | Strong trajectory"
CAND_0081086,248,0.6993,"Matches: python, embeddings | Missing: valuation, rust | 5y exp matches requirement | Strong trajectory"
CAND_0081086,249,0.6993,"Matches: python, embeddings | Missing: valuation, rust | 5y exp matches requirement | Strong trajectory"
CAND_0005488,250,0.6993,"Matches: computer vision, nlp | Missing: valuation, rust | 5y exp matches requirement | Strong trajectory"
CAND_0005488,251,0.6993,"Matches: computer vision, nlp | Missing: valuation, rust | 5y exp matches requirement | Strong trajectory"
CAND_0073883,252,0.6993,"Matches: faiss, python | Missing: valuation, rust | 5y exp matches requirement | Strong trajectory | Active candidate"
CAND_0073883,253,0.6993,"Matches: faiss, python | Missing: valuation, rust | 5y exp matches requirement | Strong trajectory | Active candidate"
CAND_0067643,254,0.6992,"Matches: nlp | Missing: valuation, rust | 6y exp matches requirement | Strong trajectory"
CAND_0067643,255,0.6992,"Matches: nlp | Missing: valuation, rust | 6y exp matches requirement | Strong trajectory"
CAND_0002037,256,0.6991,"Matches: computer vision | Missing: valuation, rust | 6y exp matches requirement | Strong trajectory"
CAND_0032690,257,0.6991,"Matches: computer vision | Missing: valuation, rust | 6y exp matches requirement | Strong trajectory | Active candidate"
CAND_0032690,258,0.6991,"Matches: computer vision | Missing: valuation, rust | 6y exp matches requirement | Strong trajectory | Active candidate"
CAND_0004965,259,0.699,"Matches: langchain, embeddings | Missing: valuation, rust | 8y exp matches requirement | Strong trajectory"
CAND_0068596,260,0.6989,"Matches: faiss, embeddings | Missing: valuation, rust | Below: 4y vs 5y needed | Strong trajectory"
CAND_0068596,261,0.6989,"Matches: faiss, embeddings | Missing: valuation, rust | Below: 4y vs 5y needed | Strong trajectory"
CAND_0003130,262,0.6988,"Matches: rust, nlp | Missing: valuation, git | 5y exp matches requirement | Strong trajectory"
CAND_0000683,263,0.6988,"Matches: langchain, embeddings | Missing: valuation, rust | 6y exp matches requirement | Strong trajectory"
CAND_0002752,264,0.6985,"Matches: faiss, langchain | Missing: valuation, rust | Below: 5y vs 5y needed | Strong trajectory"
CAND_0003461,265,0.6984,"Matches: faiss, langchain | Missing: valuation, rust | 9y exp matches requirement | Strong trajectory"
CAND_0002067,266,0.6984,"Matches: rust, computer vision | Missing: valuation, git | 6y exp matches requirement | Strong trajectory"
CAND_0007011,267,0.6984,"Matches: embeddings | Missing: valuation, rust | 7y exp matches requirement | Strong trajectory | Active candidate"
CAND_0007011,268,0.6984,"Matches: embeddings | Missing: valuation, rust | 7y exp matches requirement | Strong trajectory | Active candidate"
CAND_0073314,269,0.6984,"Missing: valuation, rust | 5y exp matches requirement | Strong trajectory | Active candidate"
CAND_0073314,270,0.6984,"Missing: valuation, rust | 5y exp matches requirement | Strong trajectory | Active candidate"
CAND_0000633,271,0.6983,"Missing: valuation, rust | 6y exp matches requirement | Strong trajectory"
CAND_0016432,272,0.6983,"Matches: computer vision, nlp | Missing: valuation, rust | Below: 5y vs 5y needed | Strong trajectory | Active candidate"
CAND_0016432,273,0.6983,"Matches: computer vision, nlp | Missing: valuation, rust | Below: 5y vs 5y needed | Strong trajectory | Active candidate"
CAND_0001707,274,0.698,"Matches: faiss | Missing: valuation, rust | 6y exp matches requirement | Strong trajectory"
CAND_0097037,275,0.698,"Matches: embeddings | Missing: valuation, rust | 6y exp matches requirement | Strong trajectory"
CAND_0097037,276,0.698,"Matches: embeddings | Missing: valuation, rust | 6y exp matches requirement | Strong trajectory"
CAND_0003290,277,0.6979,"Matches: langchain | Missing: valuation, rust | 6y exp matches requirement | Strong trajectory"
CAND_0093912,278,0.6979,"Matches: embeddings | Missing: valuation, rust | 5y exp matches requirement | Strong trajectory | Active candidate"
CAND_0093912,279,0.6979,"Matches: embeddings | Missing: valuation, rust | 5y exp matches requirement | Strong trajectory | Active candidate"
CAND_0001820,280,0.6978,"Matches: faiss, langchain | Missing: valuation, rust | 9y exp matches requirement | Strong trajectory"
CAND_0001930,281,0.6975,"Matches: nlp, embeddings | Missing: valuation, rust | 7y exp matches requirement | Strong trajectory"
CAND_0015760,282,0.6975,"Matches: langchain, python | Missing: valuation, rust | Below: 4y vs 5y needed | Strong trajectory"
CAND_0015760,283,0.6975,"Matches: langchain, python | Missing: valuation, rust | Below: 4y vs 5y needed | Strong trajectory"
CAND_0066623,284,0.6975,"Matches: computer vision | Missing: valuation, rust | 6y exp matches requirement | Strong trajectory"
CAND_0066623,285,0.6975,"Matches: computer vision | Missing: valuation, rust | 6y exp matches requirement | Strong trajectory"
CAND_0072735,286,0.6974,"Matches: faiss | Missing: valuation, rust | 8y exp matches requirement | Strong trajectory"
CAND_0072735,287,0.6974,"Matches: faiss | Missing: valuation, rust | 8y exp matches requirement | Strong trajectory"
CAND_0003403,288,0.6973,"Matches: rust | Missing: valuation, git | 6y exp matches requirement | Strong trajectory"
CAND_0002127,289,0.6972,"Matches: faiss, langchain | Missing: valuation, rust | Over: 10y vs max 9y | Strong trajectory"
CAND_0001126,290,0.697,"Matches: nlp | Missing: valuation, rust | Below: 5y vs 5y needed | Strong trajectory | Active candidate"
CAND_0000665,291,0.6968,"Matches: nlp, embeddings | Missing: valuation, rust | 6y exp matches requirement | Strong trajectory"
CAND_0002031,292,0.6966,"Matches: faiss, langchain | Missing: valuation, rust | Over: 15y vs max 9y | Strong trajectory"
CAND_0000921,293,0.6962,"Matches: faiss, langchain | Missing: valuation, rust | 7y exp matches requirement | Strong trajectory"
CAND_0074648,294,0.6962,"Matches: langchain, python | Missing: valuation, rust | Below: 4y vs 5y needed | Strong trajectory"
CAND_0074648,295,0.6962,"Matches: langchain, python | Missing: valuation, rust | Below: 4y vs 5y needed | Strong trajectory"
CAND_0017706,296,0.6962,"Matches: faiss, langchain | Missing: valuation, rust | 9y exp matches requirement | Strong trajectory"
CAND_0017706,297,0.6962,"Matches: faiss, langchain | Missing: valuation, rust | 9y exp matches requirement | Strong trajectory"
CAND_0062707,298,0.6961,"Matches: langchain, python | Missing: valuation, rust | 6y exp matches requirement | Strong trajectory"
CAND_0062707,299,0.6961,"Matches: langchain, python | Missing: valuation, rust | 6y exp matches requirement | Strong trajectory"
CAND_0004112,300,0.696,"Matches: embeddings | Missing: valuation, rust | 6y exp matches requirement | Strong trajectory"
CAND_0008202,301,0.696,"Matches: faiss, computer vision | Missing: valuation, rust | 6y exp matches requirement | Strong trajectory"
CAND_0008202,302,0.696,"Matches: faiss, computer vision | Missing: valuation, rust | 6y exp matches requirement | Strong trajectory"
CAND_0039410,303,0.6959,"Matches: faiss, computer vision | Missing: valuation, rust | 7y exp matches requirement | Strong trajectory"
CAND_0039410,304,0.6959,"Matches: faiss, computer vision | Missing: valuation, rust | 7y exp matches requirement | Strong trajectory"
CAND_0004114,305,0.6954,"Matches: computer vision | Missing: valuation, rust | Below: 5y vs 5y needed | Strong trajectory"
CAND_0011643,306,0.6953,"Matches: faiss | Missing: valuation, rust | Below: 4y vs 5y needed | Strong trajectory | Active candidate"
CAND_0011643,307,0.6953,"Matches: faiss | Missing: valuation, rust | Below: 4y vs 5y needed | Strong trajectory | Active candidate"
CAND_0000989,308,0.6952,"Matches: langchain, go | Missing: valuation, rust | Over: 11y vs max 9y | Strong trajectory"
CAND_0004108,309,0.6952,"Missing: valuation, rust | 6y exp matches requirement | Strong trajectory"
CAND_0040200,310,0.6952,"Matches: faiss, computer vision | Missing: valuation, rust | 6y exp matches requirement | Strong trajectory"
CAND_0040200,311,0.6952,"Matches: faiss, computer vision | Missing: valuation, rust | 6y exp matches requirement | Strong trajectory"
CAND_0003145,312,0.6951,"Missing: valuation, rust | 5y exp matches requirement | Strong trajectory"
CAND_0050928,313,0.6951,"Matches: computer vision | Missing: valuation, rust | 7y exp matches requirement | Strong trajectory"
CAND_0050928,314,0.6951,"Matches: computer vision | Missing: valuation, rust | 7y exp matches requirement | Strong trajectory"
CAND_0002601,315,0.6949,"Matches: go, embeddings | Missing: valuation, rust | Below: 4y vs 5y needed | Strong trajectory"
CAND_0001493,316,0.6949,"Missing: valuation, rust | 6y exp matches requirement | Strong trajectory"
CAND_0003841,317,0.6949,"Matches: langchain | Missing: valuation, rust | 5y exp matches requirement | Strong trajectory"
CAND_0028422,318,0.6949,"Matches: computer vision | Missing: valuation, rust | 6y exp matches requirement | Strong trajectory | Active candidate"
CAND_0028422,319,0.6949,"Matches: computer vision | Missing: valuation, rust | 6y exp matches requirement | Strong trajectory | Active candidate"
CAND_0063925,320,0.6945,"Matches: faiss, langchain | Missing: valuation, rust | 8y exp matches requirement | Strong trajectory | Active candidate"
CAND_0063925,321,0.6945,"Matches: faiss, langchain | Missing: valuation, rust | 8y exp matches requirement | Strong trajectory | Active candidate"
CAND_0004280,322,0.6944,"Missing: valuation, rust | Over: 10y vs max 9y | Strong trajectory"
CAND_0001023,323,0.6943,"Matches: computer vision | Missing: valuation, rust | 6y exp matches requirement | Strong trajectory"
CAND_0001837,324,0.6942,"Matches: faiss, langchain | Missing: valuation, rust | 5y exp matches requirement | Strong trajectory"
CAND_0002541,325,0.6942,"Matches: faiss, langchain | Missing: valuation, rust | 6y exp matches requirement | Strong trajectory"
CAND_0004530,326,0.6942,"Matches: embeddings | Missing: valuation, rust | 6y exp matches requirement | Strong trajectory"
CAND_0077837,327,0.6942,"Missing: valuation, rust | Below: 5y vs 5y needed | Strong trajectory | Active candidate"
CAND_0077837,328,0.6942,"Missing: valuation, rust | Below: 5y vs 5y needed | Strong trajectory | Active candidate"
CAND_0095972,329,0.6941,"Matches: computer vision | Missing: valuation, rust | 6y exp matches requirement | Strong trajectory | Active candidate"
CAND_0095972,330,0.6941,"Matches: computer vision | Missing: valuation, rust | 6y exp matches requirement | Strong trajectory | Active candidate"
CAND_0045862,331,0.694,"Matches: computer vision, nlp | Missing: valuation, rust | 7y exp matches requirement | Strong trajectory"
CAND_0045862,332,0.694,"Matches: computer vision, nlp | Missing: valuation, rust | 7y exp matches requirement | Strong trajectory"
CAND_0013111,333,0.694,"Matches: embeddings | Missing: valuation, rust | Below: 4y vs 5y needed | Strong trajectory"
CAND_0013111,334,0.694,"Matches: embeddings | Missing: valuation, rust | Below: 4y vs 5y needed | Strong trajectory"
CAND_0004743,335,0.6939,"Matches: faiss, langchain | Missing: valuation, rust | Over: 12y vs max 9y | Strong trajectory"
CAND_0048265,336,0.6939,"Matches: rust, computer vision | Missing: valuation, git | Below: 4y vs 5y needed | Strong trajectory"
CAND_0048265,337,0.6939,"Matches: rust, computer vision | Missing: valuation, git | Below: 4y vs 5y needed | Strong trajectory"
CAND_0097896,338,0.6939,"Missing: valuation, rust | Below: 5y vs 5y needed | Strong trajectory"
CAND_0097896,339,0.6939,"Missing: valuation, rust | Below: 5y vs 5y needed | Strong trajectory"
CAND_0010685,340,0.6939,"Matches: langchain | Missing: valuation, rust | 7y exp matches requirement | Strong trajectory | Active candidate"
CAND_0010685,341,0.6939,"Matches: langchain | Missing: valuation, rust | 7y exp matches requirement | Strong trajectory | Active candidate"
CAND_0003102,342,0.6936,"Missing: valuation, rust | 8y exp matches requirement | Strong trajectory"
CAND_0057768,343,0.6935,"Matches: nlp, langchain | Missing: valuation, rust | 5y exp matches requirement | Strong trajectory"
CAND_0057768,344,0.6935,"Matches: nlp, langchain | Missing: valuation, rust | 5y exp matches requirement | Strong trajectory"
CAND_0000227,345,0.6934,"Matches: rust, langchain | Missing: valuation, git | 8y exp matches requirement | Strong trajectory"
CAND_0096801,346,0.6934,"Matches: faiss, langchain | Missing: valuation, rust | Below: 4y vs 5y needed | Strong trajectory | Active candidate"
CAND_0096801,347,0.6934,"Matches: faiss, langchain | Missing: valuation, rust | Below: 4y vs 5y needed | Strong trajectory | Active candidate"
CAND_0002451,348,0.6933,"Matches: rust, faiss | Missing: valuation, git | Over: 13y vs max 9y | Strong trajectory"
CAND_0002866,349,0.693,"Missing: valuation, rust | 5y exp matches requirement | Strong trajectory"
CAND_0080291,350,0.693,"Matches: langchain | Missing: valuation, rust | 6y exp matches requirement | Strong trajectory | Active candidate"
CAND_0080291,351,0.693,"Matches: langchain | Missing: valuation, rust | 6y exp matches requirement | Strong trajectory | Active candidate"
CAND_0001508,352,0.6929,"Matches: faiss, langchain | Missing: valuation, rust | Over: 9y vs max 9y | Strong trajectory"
CAND_0033243,353,0.6929,"Matches: faiss, langchain | Missing: valuation, rust | Over: 11y vs max 9y | Strong trajectory"
CAND_0033243,354,0.6929,"Matches: faiss, langchain | Missing: valuation, rust | Over: 11y vs max 9y | Strong trajectory"
CAND_0087744,355,0.6928,"Matches: faiss, computer vision | Missing: valuation, rust | Below: 4y vs 5y needed | Strong trajectory | Active candidate"
CAND_0087744,356,0.6928,"Matches: faiss, computer vision | Missing: valuation, rust | Below: 4y vs 5y needed | Strong trajectory | Active candidate"
CAND_0002706,357,0.6928,"Missing: valuation, rust | 7y exp matches requirement | Strong trajectory | Active candidate"
CAND_0002706,358,0.6928,"Missing: valuation, rust | 7y exp matches requirement | Strong trajectory | Active candidate"
CAND_0001767,359,0.6927,"Matches: nlp, go | Missing: valuation, rust | 8y exp matches requirement | Strong trajectory"
CAND_0025640,360,0.6927,"Matches: faiss | Missing: valuation, rust | 6y exp matches requirement | Strong trajectory | Active candidate"
CAND_0025640,361,0.6927,"Matches: faiss | Missing: valuation, rust | 6y exp matches requirement | Strong trajectory | Active candidate"
CAND_0000203,362,0.6925,"Matches: faiss, langchain | Missing: valuation, rust | Below: 4y vs 5y needed | Strong trajectory"
CAND_0000184,363,0.6925,"Missing: valuation, rust | Below: 5y vs 5y needed | Strong trajectory"
CAND_0003560,364,0.6925,"Matches: rust, langchain | Missing: valuation, git | Over: 13y vs max 9y | Strong trajectory | Active candidate"
CAND_0003560,365,0.6925,"Matches: rust, langchain | Missing: valuation, git | Over: 13y vs max 9y | Strong trajectory | Active candidate"
CAND_0047639,366,0.6925,"Matches: faiss, langchain | Missing: valuation, rust | Over: 10y vs max 9y | Strong trajectory"
CAND_0047639,367,0.6925,"Matches: faiss, langchain | Missing: valuation, rust | Over: 10y vs max 9y | Strong trajectory"
CAND_0000001,368,0.6924,"Matches: nlp | Missing: valuation, rust | 7y exp matches requirement | Strong trajectory"
CAND_0082688,369,0.6924,"Matches: computer vision | Missing: valuation, rust | 8y exp matches requirement | Strong trajectory"
CAND_0082688,370,0.6924,"Matches: computer vision | Missing: valuation, rust | 8y exp matches requirement | Strong trajectory"
CAND_0000421,371,0.6923,"Matches: langchain, embeddings | Missing: valuation, rust | Below: 4y vs 5y needed | Strong trajectory"
CAND_0022254,372,0.6923,"Matches: langchain, embeddings | Missing: valuation, rust | 6y exp matches requirement | Strong trajectory"
CAND_0022254,373,0.6923,"Matches: langchain, embeddings | Missing: valuation, rust | 6y exp matches requirement | Strong trajectory"
CAND_0003057,374,0.6921,"Matches: faiss, langchain | Missing: valuation, rust | 8y exp matches requirement | Strong trajectory"
CAND_0059520,375,0.6921,"Matches: langchain | Missing: valuation, rust | Below: 4y vs 5y needed | Strong trajectory"
CAND_0059520,376,0.6921,"Matches: langchain | Missing: valuation, rust | Below: 4y vs 5y needed | Strong trajectory"
CAND_0076265,377,0.6919,"Matches: nlp | Missing: valuation, rust | 6y exp matches requirement | Strong trajectory"
CAND_0076265,378,0.6919,"Matches: nlp | Missing: valuation, rust | 6y exp matches requirement | Strong trajectory"
CAND_0090234,379,0.6919,"Matches: python | Missing: valuation, rust | Below: 4y vs 5y needed | Strong trajectory | Active candidate"
CAND_0090234,380,0.6919,"Matches: python | Missing: valuation, rust | Below: 4y vs 5y needed | Strong trajectory | Active candidate"
CAND_0019288,381,0.6919,"Matches: faiss, nlp | Missing: valuation, rust | 6y exp matches requirement | Strong trajectory | Active candidate"
CAND_0019288,382,0.6919,"Matches: faiss, nlp | Missing: valuation, rust | 6y exp matches requirement | Strong trajectory | Active candidate"
CAND_0011327,383,0.6918,"Missing: valuation, rust | 6y exp matches requirement | Strong trajectory | Active candidate"
CAND_0011327,384,0.6918,"Missing: valuation, rust | 6y exp matches requirement | Strong trajectory | Active candidate"
CAND_0002578,385,0.6917,"Missing: valuation, rust | 6y exp matches requirement | Strong trajectory"
CAND_0046349,386,0.6917,"Matches: faiss, nlp | Missing: valuation, rust | 5y exp matches requirement | Strong trajectory"
CAND_0046349,387,0.6917,"Matches: faiss, nlp | Missing: valuation, rust | 5y exp matches requirement | Strong trajectory"
CAND_0001871,388,0.6916,"Matches: rust, faiss | Missing: valuation, git | Over: 15y vs max 9y | Strong trajectory"
CAND_0004480,389,0.6916,"Missing: valuation, rust | 7y exp matches requirement | Strong trajectory"
CAND_0053605,390,0.6916,"Matches: langchain | Missing: valuation, rust | 7y exp matches requirement | Strong trajectory | Active candidate"
CAND_0053605,391,0.6916,"Matches: langchain | Missing: valuation, rust | 7y exp matches requirement | Strong trajectory | Active candidate"
CAND_0001194,392,0.6915,"Matches: computer vision, nlp | Missing: valuation, rust | Over: 10y vs max 9y | Strong trajectory"
CAND_0073180,393,0.6915,"Missing: valuation, rust | 7y exp matches requirement | Strong trajectory | Active candidate"
CAND_0073180,394,0.6915,"Missing: valuation, rust | 7y exp matches requirement | Strong trajectory | Active candidate"
CAND_0005558,395,0.6915,"Matches: computer vision | Missing: valuation, rust | 8y exp matches requirement | Strong trajectory"
CAND_0005558,396,0.6915,"Matches: computer vision | Missing: valuation, rust | 8y exp matches requirement | Strong trajectory"
CAND_0014519,397,0.6915,"Missing: valuation, rust | 5y exp matches requirement | Strong trajectory"
CAND_0014519,398,0.6915,"Missing: valuation, rust | 5y exp matches requirement | Strong trajectory"
CAND_0004502,399,0.6914,"Matches: nlp | Missing: valuation, rust | 8y exp matches requirement | Strong trajectory"
CAND_0001086,400,0.6913,"Matches: nlp | Missing: valuation, rust | 8y exp matches requirement | Strong trajectory"
CAND_0008784,401,0.6913,"Matches: rust, nlp | Missing: valuation, git | Over: 10y vs max 9y | Strong trajectory"
CAND_0008784,402,0.6913,"Matches: rust, nlp | Missing: valuation, git | Over: 10y vs max 9y | Strong trajectory"
CAND_0002671,403,0.6912,"Matches: faiss, langchain | Missing: valuation, rust | Over: 14y vs max 9y | Strong trajectory"
CAND_0001238,404,0.6912,"Matches: faiss, langchain | Missing: valuation, rust | Over: 9y vs max 9y | Strong trajectory"
CAND_0004659,405,0.6911,"Matches: langchain | Missing: valuation, rust | Over: 10y vs max 9y | Strong trajectory"
CAND_0002994,406,0.6911,"Matches: faiss | Missing: valuation, rust | 6y exp matches requirement | Strong trajectory"
CAND_0002766,407,0.691,"Missing: valuation, rust | 7y exp matches requirement | Strong trajectory"
CAND_0000505,408,0.691,"Matches: faiss, langchain | Missing: valuation, rust | Over: 9y vs max 9y | Strong trajectory"
CAND_0002110,409,0.6909,"Matches: faiss, langchain | Missing: valuation, rust | 7y exp matches requirement | Strong trajectory"
CAND_0002463,410,0.6909,"Matches: faiss, langchain | Missing: valuation, rust | 8y exp matches requirement | Strong trajectory"
CAND_0087555,411,0.6909,"Matches: faiss | Missing: valuation, rust | 7y exp matches requirement | Strong trajectory"
CAND_0087555,412,0.6909,"Matches: faiss | Missing: valuation, rust | 7y exp matches requirement | Strong trajectory"
CAND_0017234,413,0.6908,"Matches: computer vision | Missing: valuation, rust | 7y exp matches requirement | Strong trajectory"
CAND_0017234,414,0.6908,"Matches: computer vision | Missing: valuation, rust | 7y exp matches requirement | Strong trajectory"
CAND_0023617,415,0.6907,"Missing: valuation, rust | 8y exp matches requirement | Strong trajectory"
CAND_0023617,416,0.6907,"Missing: valuation, rust | 8y exp matches requirement | Strong trajectory"
CAND_0081709,417,0.6907,"Matches: computer vision | Missing: valuation, rust | 6y exp matches requirement | Strong trajectory"
CAND_0081709,418,0.6907,"Matches: computer vision | Missing: valuation, rust | 6y exp matches requirement | Strong trajectory"
CAND_0046469,419,0.6907,"Matches: faiss, nlp | Missing: valuation, rust | 5y exp matches requirement | Strong trajectory"
CAND_0046469,420,0.6907,"Matches: faiss, nlp | Missing: valuation, rust | 5y exp matches requirement | Strong trajectory"
CAND_0003609,421,0.6906,"Matches: python | Missing: valuation, rust | 6y exp matches requirement | Strong trajectory"
CAND_0048383,422,0.6905,"Matches: faiss, computer vision | Missing: valuation, rust | 7y exp matches requirement | Strong trajectory"
CAND_0048383,423,0.6905,"Matches: faiss, computer vision | Missing: valuation, rust | 7y exp matches requirement | Strong trajectory"
CAND_0019845,424,0.6905,"Matches: nlp, python | Missing: valuation, rust | Below: 3y vs 5y needed | Strong trajectory | Active candidate"
CAND_0019845,425,0.6905,"Matches: nlp, python | Missing: valuation, rust | Below: 3y vs 5y needed | Strong trajectory | Active candidate"
CAND_0002436,426,0.6903,"Missing: valuation, rust | 7y exp matches requirement | Strong trajectory"
CAND_0001912,427,0.6903,"Matches: computer vision, python | Missing: valuation, rust | 7y exp matches requirement | Strong trajectory"
CAND_0003813,428,0.6901,"Matches: computer vision | Missing: valuation, rust | 8y exp matches requirement | Strong trajectory"
CAND_0046132,429,0.6901,"Missing: valuation, rust | Below: 4y vs 5y needed | Strong trajectory | Active candidate"
CAND_0046132,430,0.6901,"Missing: valuation, rust | Below: 4y vs 5y needed | Strong trajectory | Active candidate"
CAND_0002743,431,0.69,"Matches: nlp | Missing: valuation, rust | 6y exp matches requirement | Strong trajectory"
CAND_0002526,432,0.69,"Matches: computer vision, embeddings | Missing: valuation, rust | 5y exp matches requirement | Strong trajectory | Active candidate"
CAND_0022484,433,0.69,"Matches: faiss, langchain | Missing: valuation, rust | Below: 4y vs 5y needed | Strong trajectory | Active candidate"
CAND_0022484,434,0.69,"Matches: faiss, langchain | Missing: valuation, rust | Below: 4y vs 5y needed | Strong trajectory | Active candidate"
CAND_0019164,435,0.69,"Matches: nlp | Missing: valuation, rust | 5y exp matches requirement | Strong trajectory"
CAND_0019164,436,0.69,"Matches: nlp | Missing: valuation, rust | 5y exp matches requirement | Strong trajectory"
CAND_0043416,437,0.6899,"Matches: faiss, langchain | Missing: valuation, rust | 8y exp matches requirement | Strong trajectory"
CAND_0043416,438,0.6899,"Matches: faiss, langchain | Missing: valuation, rust | 8y exp matches requirement | Strong trajectory"
CAND_0004570,439,0.6898,"Matches: faiss, langchain | Missing: valuation, rust | 8y exp matches requirement | Strong trajectory"
CAND_0001469,440,0.6898,"Matches: embeddings | Missing: valuation, rust | Over: 10y vs max 9y | Strong trajectory"
CAND_0003010,441,0.6898,"Matches: python | Missing: valuation, rust | 9y exp matches requirement | Strong trajectory | Active candidate"
CAND_0000560,442,0.6897,"Matches: computer vision | Missing: valuation, rust | 6y exp matches requirement | Strong trajectory"
CAND_0002662,443,0.6896,"Matches: rust, faiss | Missing: valuation, git | 5y exp matches requirement | Strong trajectory"
CAND_0098952,444,0.6895,"Matches: nlp, python | Missing: valuation, rust | 6y exp matches requirement | Strong trajectory"
CAND_0098952,445,0.6895,"Matches: nlp, python | Missing: valuation, rust | 6y exp matches requirement | Strong trajectory"
CAND_0001544,446,0.6893,"Matches: faiss, embeddings | Missing: valuation, rust | Over: 10y vs max 9y | Strong trajectory"
CAND_0003634,447,0.6893,"Matches: langchain, embeddings | Missing: valuation, rust | 8y exp matches requirement | Strong trajectory"
CAND_0002793,448,0.6893,"Matches: faiss, langchain | Missing: valuation, rust | 6y exp matches requirement | Strong trajectory | Active candidate"
CAND_0002793,449,0.6893,"Matches: faiss, langchain | Missing: valuation, rust | 6y exp matches requirement | Strong trajectory | Active candidate"
CAND_0004207,450,0.6892,"Matches: faiss, langchain | Missing: valuation, rust | Over: 9y vs max 9y | Strong trajectory"
CAND_0087134,451,0.6892,"Matches: computer vision, langchain | Missing: valuation, rust | 8y exp matches requirement | Strong trajectory"
CAND_0087134,452,0.6892,"Matches: computer vision, langchain | Missing: valuation, rust | 8y exp matches requirement | Strong trajectory"
CAND_0000803,453,0.6891,"Matches: langchain, embeddings | Missing: valuation, rust | 7y exp matches requirement | Strong trajectory"
CAND_0000845,454,0.689,"Matches: langchain, embeddings | Missing: valuation, rust | Over: 12y vs max 9y | Strong trajectory"
CAND_0002548,455,0.689,"Missing: valuation, rust | 7y exp matches requirement | Strong trajectory"
CAND_0085199,456,0.689,"Missing: valuation, rust | Below: 4y vs 5y needed | Strong trajectory"
CAND_0085199,457,0.689,"Missing: valuation, rust | Below: 4y vs 5y needed | Strong trajectory"
CAND_0004978,458,0.6888,"Matches: langchain, embeddings | Missing: valuation, rust | Over: 10y vs max 9y | Strong trajectory"
CAND_0041517,459,0.6888,"Missing: valuation, rust | 6y exp matches requirement | Strong trajectory | Active candidate"
CAND_0041517,460,0.6888,"Missing: valuation, rust | 6y exp matches requirement | Strong trajectory | Active candidate"
CAND_0054271,461,0.6888,"Matches: embeddings | Missing: valuation, rust | 6y exp matches requirement | Strong trajectory | Active candidate"
CAND_0054271,462,0.6888,"Matches: embeddings | Missing: valuation, rust | 6y exp matches requirement | Strong trajectory | Active candidate"
CAND_0002825,463,0.6886,"Matches: faiss, langchain | Missing: valuation, rust | Over: 14y vs max 9y | Strong trajectory"
CAND_0004821,464,0.6886,"Missing: valuation, rust | Over: 12y vs max 9y | Strong trajectory | Active candidate"
CAND_0004237,465,0.6886,"Matches: langchain | Missing: valuation, rust | 6y exp matches requirement | Strong trajectory"
CAND_0004464,466,0.6885,"Matches: faiss, langchain | Missing: valuation, rust | 7y exp matches requirement | Strong trajectory"
CAND_0002697,467,0.6882,"Matches: langchain, embeddings | Missing: valuation, rust | Over: 9y vs max 9y | Strong trajectory"
CAND_0000666,468,0.688,"Matches: computer vision, langchain | Missing: valuation, rust | 6y exp matches requirement | Strong trajectory"
CAND_0021757,469,0.688,"Matches: rust, faiss | Missing: valuation, git | Over: 11y vs max 9y | Strong trajectory"
CAND_0021757,470,0.688,"Matches: rust, faiss | Missing: valuation, git | Over: 11y vs max 9y | Strong trajectory"
CAND_0000388,471,0.6879,"Matches: faiss, langchain | Missing: valuation, rust | 6y exp matches requirement | Strong trajectory"
CAND_0003314,472,0.6879,"Matches: go | Missing: valuation, rust | 6y exp matches requirement | Strong trajectory"
CAND_0002638,473,0.6878,"Matches: faiss, langchain | Missing: valuation, rust | Over: 13y vs max 9y | Strong trajectory"
CAND_0004852,474,0.6877,"Matches: computer vision, embeddings | Missing: valuation, rust | 7y exp matches requirement | Strong trajectory"
CAND_0062751,475,0.6877,"Matches: faiss, langchain | Missing: valuation, rust | Over: 10y vs max 9y | Strong trajectory"
CAND_0062751,476,0.6877,"Matches: faiss, langchain | Missing: valuation, rust | Over: 10y vs max 9y | Strong trajectory"
CAND_0001056,477,0.6875,"Matches: embeddings | Missing: valuation, rust | 5y exp matches requirement | Strong trajectory"
CAND_0062096,478,0.6875,"Matches: rust, python | Missing: valuation, git | 8y exp matches requirement | Strong trajectory | Active candidate"
CAND_0062096,479,0.6875,"Matches: rust, python | Missing: valuation, git | 8y exp matches requirement | Strong trajectory | Active candidate"
CAND_0002040,480,0.6872,"Matches: faiss, langchain | Missing: valuation, rust | Below: 4y vs 5y needed | Strong trajectory"
CAND_0016170,481,0.6871,"Matches: computer vision, langchain | Missing: valuation, rust | 7y exp matches requirement | Strong trajectory"
CAND_0016170,482,0.6871,"Matches: computer vision, langchain | Missing: valuation, rust | 7y exp matches requirement | Strong trajectory"
CAND_0068985,483,0.6871,"Matches: rust, computer vision | Missing: valuation, git | 5y exp matches requirement | Strong trajectory"
CAND_0068985,484,0.6871,"Matches: rust, computer vision | Missing: valuation, git | 5y exp matches requirement | Strong trajectory"
CAND_0064282,485,0.687,"Matches: langchain | Missing: valuation, rust | 7y exp matches requirement | Strong trajectory"
CAND_0064282,486,0.687,"Matches: langchain | Missing: valuation, rust | 7y exp matches requirement | Strong trajectory"
CAND_0004985,487,0.6868,"Matches: faiss, langchain | Missing: valuation, rust | 6y exp matches requirement | Strong trajectory"
CAND_0002077,488,0.6868,"Matches: faiss, langchain | Missing: valuation, rust | 9y exp matches requirement | Strong trajectory"
CAND_0092170,489,0.6868,"Matches: go, embeddings | Missing: valuation, rust | 7y exp matches requirement | Strong trajectory"
CAND_0092170,490,0.6868,"Matches: go, embeddings | Missing: valuation, rust | 7y exp matches requirement | Strong trajectory"
CAND_0003121,491,0.6867,"Matches: nlp | Missing: valuation, rust | 7y exp matches requirement | Strong trajectory"
CAND_0000927,492,0.6866,"Matches: faiss, embeddings | Missing: valuation, rust | Over: 11y vs max 9y | Strong trajectory"
CAND_0004393,493,0.6866,"Matches: embeddings | Missing: valuation, rust | 7y exp matches requirement | Strong trajectory"
CAND_0000705,494,0.6866,"Matches: computer vision, nlp | Missing: valuation, rust | Below: 4y vs 5y needed | Strong trajectory | Active candidate"
CAND_0002703,495,0.6866,"Matches: computer vision | Missing: valuation, rust | 7y exp matches requirement | Strong trajectory"
CAND_0039308,496,0.6865,"Matches: langchain, python | Missing: valuation, rust | 6y exp matches requirement | Strong trajectory"
CAND_0039308,497,0.6865,"Matches: langchain, python | Missing: valuation, rust | 6y exp matches requirement | Strong trajectory"
CAND_0035764,498,0.6865,"Matches: computer vision | Missing: valuation, rust | 7y exp matches requirement | Strong trajectory"
CAND_0035764,499,0.6865,"Matches: computer vision | Missing: valuation, rust | 7y exp matches requirement | Strong trajectory"
CAND_0002094,500,0.6864,"Matches: rust, faiss | Missing: valuation, git | Over: 14y vs max 9y | Strong trajectory"
CAND_0003786,501,0.6864,"Matches: rust, computer vision | Missing: valuation, git | 8y exp matches requirement | Strong trajectory"
CAND_0054318,502,0.6862,"Matches: faiss, python | Missing: valuation, rust | Below: 4y vs 5y needed | Strong trajectory | Active candidate"
CAND_0054318,503,0.6862,"Matches: faiss, python | Missing: valuation, rust | Below: 4y vs 5y needed | Strong trajectory | Active candidate"
CAND_0033775,504,0.6862,"Missing: valuation, rust | 7y exp matches requirement | Strong trajectory"
CAND_0033775,505,0.6862,"Missing: valuation, rust | 7y exp matches requirement | Strong trajectory"
CAND_0002620,506,0.6858,"Matches: embeddings | Missing: valuation, rust | 7y exp matches requirement | Strong trajectory"
CAND_0004159,507,0.6857,"Matches: faiss, langchain | Missing: valuation, rust | 5y exp matches requirement | Strong trajectory"
CAND_0001940,508,0.6857,"Matches: faiss, computer vision | Missing: valuation, rust | Below: 4y vs 5y needed | Strong trajectory"
CAND_0001940,509,0.6857,"Matches: faiss, computer vision | Missing: valuation, rust | Below: 4y vs 5y needed | Strong trajectory"
CAND_0096474,510,0.6857,"Matches: faiss, langchain | Missing: valuation, rust | Over: 11y vs max 9y | Strong trajectory"
CAND_0096474,511,0.6857,"Matches: faiss, langchain | Missing: valuation, rust | Over: 11y vs max 9y | Strong trajectory"
CAND_0000676,512,0.6856,"Matches: rust, go | Missing: valuation, git | 7y exp matches requirement | Strong trajectory"
CAND_0003680,513,0.6856,"Matches: computer vision | Missing: valuation, rust | 8y exp matches requirement | Strong trajectory"
CAND_0002035,514,0.6855,"Matches: rust, python | Missing: valuation, git | 7y exp matches requirement | Strong trajectory"
CAND_0001093,515,0.6855,"Matches: python | Missing: valuation, rust | 6y exp matches requirement | Strong trajectory"
CAND_0053001,516,0.6855,"Matches: computer vision, python | Missing: valuation, rust | 7y exp matches requirement | Strong trajectory"
CAND_0053001,517,0.6855,"Matches: computer vision, python | Missing: valuation, rust | 7y exp matches requirement | Strong trajectory"
CAND_0003937,518,0.6854,"Matches: rust, embeddings | Missing: valuation, git | Over: 12y vs max 9y | Strong trajectory"
CAND_0020375,519,0.6853,"Matches: nlp | Missing: valuation, rust | 5y exp matches requirement | Strong trajectory"
CAND_0020375,520,0.6853,"Matches: nlp | Missing: valuation, rust | 5y exp matches requirement | Strong trajectory"
CAND_0024216,521,0.6853,"Matches: faiss, langchain | Missing: valuation, rust | 7y exp matches requirement | Strong trajectory"
CAND_0024216,522,0.6853,"Matches: faiss, langchain | Missing: valuation, rust | 7y exp matches requirement | Strong trajectory"
CAND_0003660,523,0.6852,"Matches: faiss, embeddings | Missing: valuation, rust | Over: 13y vs max 9y | Strong trajectory"
CAND_0000895,524,0.6852,"Missing: valuation, rust | 5y exp matches requirement | Strong trajectory"
CAND_0034316,525,0.6852,"Matches: rust, python | Missing: valuation, git | 6y exp matches requirement | Strong trajectory"
CAND_0034316,526,0.6852,"Matches: rust, python | Missing: valuation, git | 6y exp matches requirement | Strong trajectory"
CAND_0003222,527,0.6851,"Matches: embeddings | Missing: valuation, rust | Over: 12y vs max 9y | Strong trajectory"
CAND_0003597,528,0.6851,"Matches: go | Missing: valuation, rust | Over: 10y vs max 9y | Strong trajectory"
CAND_0074325,529,0.6851,"Matches: nlp, langchain | Missing: valuation, rust | Below: 4y vs 5y needed | Strong trajectory"
CAND_0074325,530,0.6851,"Matches: nlp, langchain | Missing: valuation, rust | Below: 4y vs 5y needed | Strong trajectory"
CAND_0027906,531,0.6851,"Matches: rust, embeddings | Missing: valuation, git | 6y exp matches requirement | Strong trajectory"
CAND_0027906,532,0.6851,"Matches: rust, embeddings | Missing: valuation, git | 6y exp matches requirement | Strong trajectory"
CAND_0018925,533,0.6851,"Missing: valuation, rust | 6y exp matches requirement | Strong trajectory"
CAND_0018925,534,0.6851,"Missing: valuation, rust | 6y exp matches requirement | Strong trajectory"
CAND_0003518,535,0.685,"Missing: valuation, rust | 7y exp matches requirement | Strong trajectory"
CAND_0001942,536,0.685,"Matches: rust, faiss | Missing: valuation, git | Over: 10y vs max 9y | Strong trajectory"
CAND_0057666,537,0.685,"Matches: computer vision, python | Missing: valuation, rust | Below: 5y vs 5y needed | Strong trajectory"
CAND_0057666,538,0.685,"Matches: computer vision, python | Missing: valuation, rust | Below: 5y vs 5y needed | Strong trajectory"
CAND_0048413,539,0.6849,"Missing: valuation, rust | 5y exp matches requirement | Strong trajectory"
CAND_0048413,540,0.6849,"Missing: valuation, rust | 5y exp matches requirement | Strong trajectory"
CAND_0002969,541,0.6848,"Matches: computer vision, python | Missing: valuation, rust | 7y exp matches requirement | Strong trajectory"
CAND_0004675,542,0.6848,"Matches: rust | Missing: valuation, git | 7y exp matches requirement | Strong trajectory"
CAND_0068410,543,0.6848,"Matches: computer vision | Missing: valuation, rust | 6y exp matches requirement | Strong trajectory | Active candidate"
CAND_0068410,544,0.6848,"Matches: computer vision | Missing: valuation, rust | 6y exp matches requirement | Strong trajectory | Active candidate"
CAND_0001597,545,0.6847,"Matches: rust, go | Missing: valuation, git | Over: 10y vs max 9y | Strong trajectory | Active candidate"
CAND_0001267,546,0.6847,"Matches: computer vision, embeddings | Missing: valuation, rust | 6y exp matches requirement | Strong trajectory"
CAND_0001267,547,0.6847,"Matches: computer vision, embeddings | Missing: valuation, rust | 6y exp matches requirement | Strong trajectory"
CAND_0082248,548,0.6846,"Matches: rust, computer vision | Missing: valuation, git | Below: 4y vs 5y needed | Strong trajectory | Active candidate"
CAND_0082248,549,0.6846,"Matches: rust, computer vision | Missing: valuation, git | Below: 4y vs 5y needed | Strong trajectory | Active candidate"
CAND_0024004,550,0.6846,"Missing: valuation, rust | 8y exp matches requirement | Strong trajectory | Active candidate"
CAND_0024004,551,0.6846,"Missing: valuation, rust | 8y exp matches requirement | Strong trajectory | Active candidate"
CAND_0002068,552,0.6843,"Matches: faiss | Missing: valuation, rust | 7y exp matches requirement | Strong trajectory"
CAND_0000847,553,0.6843,"Matches: faiss, computer vision | Missing: valuation, rust | Over: 14y vs max 9y | Strong trajectory"
CAND_0000847,554,0.6843,"Matches: faiss, computer vision | Missing: valuation, rust | Over: 14y vs max 9y | Strong trajectory"
CAND_0001152,555,0.6842,"Matches: faiss, langchain | Missing: valuation, rust | 7y exp matches requirement | Strong trajectory"
CAND_0000969,556,0.6842,"Missing: valuation, rust | 6y exp matches requirement | Strong trajectory | Active candidate"
CAND_0008252,557,0.6842,"Matches: rust, faiss | Missing: valuation, git | 7y exp matches requirement | Strong trajectory"
CAND_0008252,558,0.6842,"Matches: rust, faiss | Missing: valuation, git | 7y exp matches requirement | Strong trajectory"
CAND_0001644,559,0.6841,"Matches: faiss | Missing: valuation, rust | 9y exp matches requirement | Strong trajectory"
CAND_0003536,560,0.6841,"Matches: faiss | Missing: valuation, rust | 5y exp matches requirement | Strong trajectory"
CAND_0003532,561,0.684,"Missing: valuation, rust | 5y exp matches requirement | Strong trajectory"
CAND_0041568,562,0.6839,"Matches: computer vision | Missing: valuation, rust | 5y exp matches requirement | Strong trajectory"
CAND_0041568,563,0.6839,"Matches: computer vision | Missing: valuation, rust | 5y exp matches requirement | Strong trajectory"
CAND_0002870,564,0.6838,"Matches: langchain | Missing: valuation, rust | Over: 11y vs max 9y | Strong trajectory"
CAND_0051890,565,0.6838,"Matches: computer vision, langchain | Missing: valuation, rust | 7y exp matches requirement | Strong trajectory"
CAND_0051890,566,0.6838,"Matches: computer vision, langchain | Missing: valuation, rust | 7y exp matches requirement | Strong trajectory"
CAND_0002270,567,0.6836,"Matches: computer vision | Missing: valuation, rust | Below: 3y vs 5y needed | Strong trajectory"
CAND_0071981,568,0.6836,"Matches: embeddings | Missing: valuation, rust | 7y exp matches requirement | Strong trajectory"
CAND_0071981,569,0.6836,"Matches: embeddings | Missing: valuation, rust | 7y exp matches requirement | Strong trajectory"
CAND_0098780,570,0.6835,"Missing: valuation, rust | 6y exp matches requirement | Strong trajectory"
CAND_0098780,571,0.6835,"Missing: valuation, rust | 6y exp matches requirement | Strong trajectory"
CAND_0009844,572,0.6835,"Matches: embeddings | Missing: valuation, rust | 7y exp matches requirement | Strong trajectory"
CAND_0009844,573,0.6835,"Matches: embeddings | Missing: valuation, rust | 7y exp matches requirement | Strong trajectory"
CAND_0052712,574,0.6834,"Matches: computer vision, nlp | Missing: valuation, rust | Below: 3y vs 5y needed | Active candidate"
CAND_0052712,575,0.6834,"Matches: computer vision, nlp | Missing: valuation, rust | Below: 3y vs 5y needed | Active candidate"
CAND_0001643,576,0.6833,"Matches: langchain | Missing: valuation, rust | Over: 14y vs max 9y | Strong trajectory"
CAND_0001481,577,0.6833,"Matches: faiss, embeddings | Missing: valuation, rust | Over: 13y vs max 9y | Strong trajectory"
CAND_0004708,578,0.6833,"Matches: computer vision, python | Missing: valuation, rust | 7y exp matches requirement | Strong trajectory"
CAND_0001694,579,0.6832,"Matches: faiss, langchain | Missing: valuation, rust | Over: 12y vs max 9y | Strong trajectory"
CAND_0004911,580,0.6832,"Matches: faiss, langchain | Missing: valuation, rust | Over: 14y vs max 9y | Strong trajectory"
CAND_0063037,581,0.6831,"Matches: faiss | Missing: valuation, rust | 6y exp matches requirement | Strong trajectory"
CAND_0063037,582,0.6831,"Matches: faiss | Missing: valuation, rust | 6y exp matches requirement | Strong trajectory"
CAND_0000671,583,0.683,"Matches: faiss, langchain | Missing: valuation, rust | 5y exp matches requirement | Strong trajectory"
CAND_0000699,584,0.683,"Matches: langchain | Missing: valuation, rust | Below: 5y vs 5y needed | Strong trajectory"
CAND_0003408,585,0.683,"Matches: faiss, embeddings | Missing: valuation, rust | 8y exp matches requirement | Strong trajectory"
CAND_0056795,586,0.683,"Matches: computer vision | Missing: valuation, rust | 7y exp matches requirement | Strong trajectory"
CAND_0056795,587,0.683,"Matches: computer vision | Missing: valuation, rust | 7y exp matches requirement | Strong trajectory"
CAND_0009236,588,0.683,"Matches: langchain | Missing: valuation, rust | 6y exp matches requirement | Strong trajectory"
CAND_0009236,589,0.683,"Matches: langchain | Missing: valuation, rust | 6y exp matches requirement | Strong trajectory"
CAND_0047542,590,0.683,"Matches: embeddings | Missing: valuation, rust | 5y exp matches requirement | Strong trajectory | Active candidate"
CAND_0047542,591,0.683,"Matches: embeddings | Missing: valuation, rust | 5y exp matches requirement | Strong trajectory | Active candidate"
CAND_0012798,592,0.683,"Matches: computer vision, go | Missing: valuation, rust | 5y exp matches requirement | Strong trajectory"
CAND_0012798,593,0.683,"Matches: computer vision, go | Missing: valuation, rust | 5y exp matches requirement | Strong trajectory"
CAND_0002642,594,0.6829,"Missing: valuation, rust | 6y exp matches requirement | Strong trajectory"
CAND_0099213,595,0.6829,"Matches: embeddings | Missing: valuation, rust | 6y exp matches requirement | Strong trajectory"
CAND_0099213,596,0.6829,"Matches: embeddings | Missing: valuation, rust | 6y exp matches requirement | Strong trajectory"
CAND_0039332,597,0.6829,"Matches: nlp | Missing: valuation, rust | 7y exp matches requirement | Strong trajectory"
CAND_0039332,598,0.6829,"Matches: nlp | Missing: valuation, rust | 7y exp matches requirement | Strong trajectory"
CAND_0042950,599,0.6828,"Matches: faiss, computer vision | Missing: valuation, rust | 8y exp matches requirement | Strong trajectory"
CAND_0042950,600,0.6828,"Matches: faiss, computer vision | Missing: valuation, rust | 8y exp matches requirement | Strong trajectory"
CAND_0003732,601,0.6827,"Matches: faiss, langchain | Missing: valuation, rust | Below: 4y vs 5y needed | Strong trajectory"
CAND_0002190,602,0.6827,"Matches: faiss | Missing: valuation, rust | Over: 14y vs max 9y | Strong trajectory"
CAND_0003510,603,0.6827,"Matches: faiss, embeddings | Missing: valuation, rust | Over: 10y vs max 9y | Strong trajectory"
CAND_0004252,604,0.6827,"Matches: rust | Missing: valuation, git | 8y exp matches requirement | Strong trajectory"
CAND_0046459,605,0.6827,"Matches: python | Missing: valuation, rust | Below: 4y vs 5y needed | Strong trajectory | Active candidate"
CAND_0046459,606,0.6827,"Matches: python | Missing: valuation, rust | Below: 4y vs 5y needed | Strong trajectory | Active candidate"
CAND_0042441,607,0.6827,"Matches: faiss, langchain | Missing: valuation, rust | Below: 4y vs 5y needed | Strong trajectory"
CAND_0042441,608,0.6827,"Matches: faiss, langchain | Missing: valuation, rust | Below: 4y vs 5y needed | Strong trajectory"
CAND_0000859,609,0.6826,"Missing: valuation, rust | 6y exp matches requirement | Strong trajectory | Active candidate"
CAND_0091745,610,0.6826,"Matches: embeddings | Missing: valuation, rust | 6y exp matches requirement | Strong trajectory | Active candidate"
CAND_0091745,611,0.6826,"Matches: embeddings | Missing: valuation, rust | 6y exp matches requirement | Strong trajectory | Active candidate"
CAND_0004799,612,0.6825,"Matches: langchain, go | Missing: valuation, rust | Over: 14y vs max 9y | Strong trajectory"
CAND_0070703,613,0.6825,"Matches: computer vision, go | Missing: valuation, rust | 8y exp matches requirement | Strong trajectory"
CAND_0070703,614,0.6825,"Matches: computer vision, go | Missing: valuation, rust | 8y exp matches requirement | Strong trajectory"
CAND_0020845,615,0.6825,"Matches: computer vision | Missing: valuation, rust | 7y exp matches requirement | Strong trajectory"
CAND_0020845,616,0.6825,"Matches: computer vision | Missing: valuation, rust | 7y exp matches requirement | Strong trajectory"
CAND_0003350,617,0.6824,"Missing: valuation, rust | 8y exp matches requirement | Strong trajectory"
CAND_0000312,618,0.6823,"Matches: rust, faiss | Missing: valuation, git | Over: 12y vs max 9y | Strong trajectory"
CAND_0000395,619,0.6823,"Matches: computer vision, python | Missing: valuation, rust | Below: 4y vs 5y needed | Strong trajectory"
CAND_0003022,620,0.6823,"Missing: valuation, rust | 7y exp matches requirement | Strong trajectory"
CAND_0009325,621,0.6823,"Matches: computer vision, go | Missing: valuation, rust | 7y exp matches requirement | Strong trajectory"
CAND_0009325,622,0.6823,"Matches: computer vision, go | Missing: valuation, rust | 7y exp matches requirement | Strong trajectory"
CAND_0020954,623,0.6823,"Matches: computer vision, python | Missing: valuation, rust | 7y exp matches requirement | Strong trajectory"
CAND_0020954,624,0.6823,"Matches: computer vision, python | Missing: valuation, rust | 7y exp matches requirement | Strong trajectory"
CAND_0001664,625,0.6822,"Matches: go | Missing: valuation, rust | Over: 9y vs max 9y | Strong trajectory"
CAND_0000220,626,0.6821,"Matches: faiss, langchain | Missing: valuation, rust | Over: 11y vs max 9y | Strong trajectory"
CAND_0002337,627,0.6821,"Missing: valuation, rust | Over: 10y vs max 9y | Strong trajectory"
CAND_0077261,628,0.6821,"Missing: valuation, rust | 6y exp matches requirement | Strong trajectory"
CAND_0077261,629,0.6821,"Missing: valuation, rust | 6y exp matches requirement | Strong trajectory"
CAND_0035879,630,0.6821,"Matches: python | Missing: valuation, rust | Below: 4y vs 5y needed | Strong trajectory | Active candidate"
CAND_0035879,631,0.6821,"Matches: python | Missing: valuation, rust | Below: 4y vs 5y needed | Strong trajectory | Active candidate"
CAND_0006332,632,0.682,"Matches: go | Missing: valuation, rust | 6y exp matches requirement | Strong trajectory"
CAND_0006332,633,0.682,"Matches: go | Missing: valuation, rust | 6y exp matches requirement | Strong trajectory"
CAND_0000878,634,0.6818,"Missing: valuation, rust | 7y exp matches requirement | Strong trajectory"
CAND_0001086,635,0.6818,"Matches: nlp | Missing: valuation, rust | 8y exp matches requirement | Strong trajectory"
CAND_0001086,636,0.6818,"Matches: nlp | Missing: valuation, rust | 8y exp matches requirement | Strong trajectory"
CAND_0036973,637,0.6817,"Matches: nlp | Missing: valuation, rust | 6y exp matches requirement | Strong trajectory"
CAND_0036973,638,0.6817,"Matches: nlp | Missing: valuation, rust | 6y exp matches requirement | Strong trajectory"
CAND_0088378,639,0.6816,"Missing: valuation, rust | 6y exp matches requirement | Strong trajectory"
CAND_0088378,640,0.6816,"Missing: valuation, rust | 6y exp matches requirement | Strong trajectory"
CAND_0003530,641,0.6816,"Missing: valuation, rust | Over: 9y vs max 9y | Strong trajectory"
CAND_0065016,642,0.6816,"Matches: faiss, langchain | Missing: valuation, rust | 8y exp matches requirement | Strong trajectory"
CAND_0065016,643,0.6816,"Matches: faiss, langchain | Missing: valuation, rust | 8y exp matches requirement | Strong trajectory"
CAND_0004123,644,0.6815,"Matches: faiss, langchain | Missing: valuation, rust | Below: 4y vs 5y needed | Strong trajectory"
CAND_0002704,645,0.6815,"Missing: valuation, rust | 8y exp matches requirement | Strong trajectory"
CAND_0059145,646,0.6815,"Missing: valuation, rust | 8y exp matches requirement | Strong trajectory"
CAND_0059145,647,0.6815,"Missing: valuation, rust | 8y exp matches requirement | Strong trajectory"
CAND_0001433,648,0.6814,"Matches: faiss | Missing: valuation, rust | Over: 10y vs max 9y | Strong trajectory"
CAND_0002102,649,0.6814,"Matches: langchain, go | Missing: valuation, rust | 6y exp matches requirement | Strong trajectory"
CAND_0003587,650,0.6814,"Matches: computer vision, langchain | Missing: valuation, rust | Below: 5y vs 5y needed | Strong trajectory"
CAND_0004167,651,0.6813,"Matches: langchain, embeddings | Missing: valuation, rust | 8y exp matches requirement | Strong trajectory"
CAND_0001082,652,0.6813,"Missing: valuation, rust | 7y exp matches requirement | Strong trajectory"
CAND_0004962,653,0.6813,"Matches: faiss, computer vision | Missing: valuation, rust | Below: 5y vs 5y needed | Strong trajectory"
CAND_0018701,654,0.6813,"Missing: valuation, rust | 6y exp matches requirement | Strong trajectory"
CAND_0018701,655,0.6813,"Missing: valuation, rust | 6y exp matches requirement | Strong trajectory"
CAND_0054804,656,0.6813,"Matches: faiss, go | Missing: valuation, rust | 6y exp matches requirement | Strong trajectory"
CAND_0054804,657,0.6813,"Matches: faiss, go | Missing: valuation, rust | 6y exp matches requirement | Strong trajectory"
CAND_0092070,658,0.6813,"Matches: faiss, langchain | Missing: valuation, rust | 6y exp matches requirement | Strong trajectory"
CAND_0092070,659,0.6813,"Matches: faiss, langchain | Missing: valuation, rust | 6y exp matches requirement | Strong trajectory"
CAND_0002612,660,0.6812,"Matches: faiss, nlp | Missing: valuation, rust | 7y exp matches requirement | Strong trajectory"
CAND_0002516,661,0.6812,"Matches: langchain | Missing: valuation, rust | Below: 5y vs 5y needed | Strong trajectory"
CAND_0001672,662,0.6812,"Matches: langchain | Missing: valuation, rust | 5y exp matches requirement | Strong trajectory"
CAND_0000981,663,0.6812,"Matches: computer vision | Missing: valuation, rust | 6y exp matches requirement | Strong trajectory"
CAND_0004298,664,0.6812,"Missing: valuation, rust | Below: 4y vs 5y needed | Strong trajectory | Active candidate"
CAND_0093470,665,0.6812,"Matches: python | Missing: valuation, rust | 6y exp matches requirement | Strong trajectory"
CAND_0093470,666,0.6812,"Matches: python | Missing: valuation, rust | 6y exp matches requirement | Strong trajectory"
CAND_0002356,667,0.6811,"Matches: rust, faiss | Missing: valuation, git | Over: 12y vs max 9y | Strong trajectory"
CAND_0000547,668,0.6811,"Missing: valuation, rust | Below: 5y vs 5y needed | Strong trajectory"
CAND_0071321,669,0.6811,"Matches: rust | Missing: valuation, git | 6y exp matches requirement | Strong trajectory"
CAND_0071321,670,0.6811,"Matches: rust | Missing: valuation, git | 6y exp matches requirement | Strong trajectory"
CAND_0004900,671,0.681,"Missing: valuation, rust | 5y exp matches requirement | Strong trajectory"
CAND_0084391,672,0.681,"Matches: computer vision, nlp | Missing: valuation, rust | Below: 4y vs 5y needed | Strong trajectory"
CAND_0084391,673,0.681,"Matches: computer vision, nlp | Missing: valuation, rust | Below: 4y vs 5y needed | Strong trajectory"
CAND_0004112,674,0.681,"Matches: embeddings | Missing: valuation, rust | 6y exp matches requirement | Strong trajectory"
CAND_0004112,675,0.681,"Matches: embeddings | Missing: valuation, rust | 6y exp matches requirement | Strong trajectory"
CAND_0017477,676,0.681,"Matches: rust, faiss | Missing: valuation, git | 5y exp matches requirement | Strong trajectory"
CAND_0017477,677,0.681,"Matches: rust, faiss | Missing: valuation, git | 5y exp matches requirement | Strong trajectory"
CAND_0000664,678,0.6809,"Matches: rust, faiss | Missing: valuation, git | 7y exp matches requirement | Strong trajectory"
CAND_0000664,679,0.6809,"Matches: rust, faiss | Missing: valuation, git | 7y exp matches requirement | Strong trajectory"
CAND_0001733,680,0.6808,"Missing: valuation, rust | 9y exp matches requirement | Strong trajectory"
CAND_0000454,681,0.6808,"Matches: computer vision, python | Missing: valuation, rust | 6y exp matches requirement | Strong trajectory"
CAND_0013440,682,0.6808,"Matches: embeddings | Missing: valuation, rust | 7y exp matches requirement | Strong trajectory"
CAND_0013440,683,0.6808,"Matches: embeddings | Missing: valuation, rust | 7y exp matches requirement | Strong trajectory"
CAND_0040724,684,0.6808,"Matches: computer vision | Missing: valuation, rust | 6y exp matches requirement | Strong trajectory"
CAND_0040724,685,0.6808,"Matches: computer vision | Missing: valuation, rust | 6y exp matches requirement | Strong trajectory"
CAND_0002361,686,0.6807,"Missing: valuation, rust | 6y exp matches requirement | Strong trajectory"
CAND_0022274,687,0.6807,"Missing: valuation, rust | Below: 4y vs 5y needed | Strong trajectory | Active candidate"
CAND_0022274,688,0.6807,"Missing: valuation, rust | Below: 4y vs 5y needed | Strong trajectory | Active candidate"
CAND_0070449,689,0.6807,"Matches: rust, computer vision | Missing: valuation, git | 6y exp matches requirement | Strong trajectory"
CAND_0070449,690,0.6807,"Matches: rust, computer vision | Missing: valuation, git | 6y exp matches requirement | Strong trajectory"
CAND_0002243,691,0.6806,"Matches: langchain | Missing: valuation, rust | 8y exp matches requirement | Strong trajectory"
CAND_0004848,692,0.6806,"Missing: valuation, rust | 6y exp matches requirement | Strong trajectory"
CAND_0040946,693,0.6806,"Matches: nlp | Missing: valuation, rust | 6y exp matches requirement | Strong trajectory"
CAND_0040946,694,0.6806,"Matches: nlp | Missing: valuation, rust | 6y exp matches requirement | Strong trajectory"
CAND_0049104,695,0.6806,"Matches: faiss, langchain | Missing: valuation, rust | 6y exp matches requirement | Strong trajectory"
CAND_0049104,696,0.6806,"Matches: faiss, langchain | Missing: valuation, rust | 6y exp matches requirement | Strong trajectory"
CAND_0037735,697,0.6805,"Matches: computer vision, python | Missing: valuation, rust | 7y exp matches requirement | Strong trajectory"
CAND_0037735,698,0.6805,"Matches: computer vision, python | Missing: valuation, rust | 7y exp matches requirement | Strong trajectory"
CAND_0001181,699,0.6804,"Missing: valuation, rust | 6y exp matches requirement | Strong trajectory"
CAND_0004337,700,0.6804,"Missing: valuation, rust | 7y exp matches requirement | Strong trajectory | Active candidate"
CAND_0019754,701,0.6804,"Matches: computer vision | Missing: valuation, rust | Below: 5y vs 5y needed | Strong trajectory"
CAND_0019754,702,0.6804,"Matches: computer vision | Missing: valuation, rust | Below: 5y vs 5y needed | Strong trajectory"
CAND_0029714,703,0.6803,"Matches: nlp | Missing: valuation, rust | 6y exp matches requirement | Strong trajectory"
CAND_0029714,704,0.6803,"Matches: nlp | Missing: valuation, rust | 6y exp matches requirement | Strong trajectory"
CAND_0000552,705,0.6801,"Matches: faiss, computer vision | Missing: valuation, rust | Below: 4y vs 5y needed | Strong trajectory"
CAND_0003756,706,0.6801,"Missing: valuation, rust | 6y exp matches requirement | Strong trajectory"
CAND_0003564,707,0.6801,"Matches: go | Missing: valuation, rust | 8y exp matches requirement | Strong trajectory"
CAND_0023458,708,0.68,"Matches: faiss | Missing: valuation, rust | 5y exp matches requirement | Strong trajectory"
CAND_0023458,709,0.68,"Matches: faiss | Missing: valuation, rust | 5y exp matches requirement | Strong trajectory"
CAND_0024878,710,0.68,"Matches: nlp | Missing: valuation, rust | 6y exp matches requirement | Strong trajectory | Active candidate"
CAND_0024878,711,0.68,"Matches: nlp | Missing: valuation, rust | 6y exp matches requirement | Strong trajectory | Active candidate"
CAND_0000633,712,0.68,"Missing: valuation, rust | 6y exp matches requirement | Strong trajectory"
CAND_0000633,713,0.68,"Missing: valuation, rust | 6y exp matches requirement | Strong trajectory"
CAND_0002931,714,0.6799,"Missing: valuation, rust | Below: 5y vs 5y needed | Strong trajectory"
CAND_0076991,715,0.6799,"Matches: rust, faiss | Missing: valuation, git | 6y exp matches requirement | Strong trajectory | Active candidate"
CAND_0076991,716,0.6799,"Matches: rust, faiss | Missing: valuation, git | 6y exp matches requirement | Strong trajectory | Active candidate"
CAND_0003829,717,0.6798,"Matches: embeddings | Missing: valuation, rust | 7y exp matches requirement | Strong trajectory"
CAND_0080281,718,0.6798,"Missing: valuation, rust | 7y exp matches requirement | Strong trajectory"
CAND_0080281,719,0.6798,"Missing: valuation, rust | 7y exp matches requirement | Strong trajectory"
CAND_0076381,720,0.6798,"Matches: python | Missing: valuation, rust | 8y exp matches requirement | Strong trajectory"
CAND_0076381,721,0.6798,"Matches: python | Missing: valuation, rust | 8y exp matches requirement | Strong trajectory"
CAND_0081116,722,0.6798,"Matches: computer vision | Missing: valuation, rust | 5y exp matches requirement | Strong trajectory"
CAND_0081116,723,0.6798,"Matches: computer vision | Missing: valuation, rust | 5y exp matches requirement | Strong trajectory"
CAND_0000165,724,0.6796,"Missing: valuation, rust | 7y exp matches requirement | Strong trajectory"
CAND_0000165,725,0.6796,"Missing: valuation, rust | 7y exp matches requirement | Strong trajectory"
CAND_0002763,726,0.6795,"Matches: rust, faiss | Missing: valuation, git | Below: 4y vs 5y needed | Strong trajectory"
CAND_0002426,727,0.6795,"Matches: computer vision | Missing: valuation, rust | Below: 3y vs 5y needed | Strong trajectory | Active candidate"
CAND_0088602,728,0.6795,"Matches: rust | Missing: valuation, git | Below: 5y vs 5y needed | Strong trajectory | Active candidate"
CAND_0088602,729,0.6795,"Matches: rust | Missing: valuation, git | Below: 5y vs 5y needed | Strong trajectory | Active candidate"
CAND_0039711,730,0.6795,"Missing: valuation, rust | 7y exp matches requirement | Strong trajectory"
CAND_0039711,731,0.6795,"Missing: valuation, rust | 7y exp matches requirement | Strong trajectory"
CAND_0000839,732,0.6794,"Matches: faiss, langchain | Missing: valuation, rust | Over: 11y vs max 9y | Strong trajectory"
CAND_0001575,733,0.6794,"Missing: valuation, rust | 6y exp matches requirement | Strong trajectory"
CAND_0046595,734,0.6794,"Matches: python, embeddings | Missing: valuation, rust | 6y exp matches requirement | Strong trajectory"
CAND_0046595,735,0.6794,"Matches: python, embeddings | Missing: valuation, rust | 6y exp matches requirement | Strong trajectory"
CAND_0063376,736,0.6794,"Matches: computer vision | Missing: valuation, rust | Below: 5y vs 5y needed | Strong trajectory"
CAND_0063376,737,0.6794,"Matches: computer vision | Missing: valuation, rust | Below: 5y vs 5y needed | Strong trajectory"
CAND_0004047,738,0.6793,"Matches: embeddings | Missing: valuation, rust | 6y exp matches requirement | Strong trajectory"
CAND_0001928,739,0.6793,"Missing: valuation, rust | 6y exp matches requirement | Strong trajectory"
CAND_0004587,740,0.6793,"Matches: computer vision, nlp | Missing: valuation, rust | 7y exp matches requirement | Strong trajectory"
CAND_0003616,741,0.6792,"Matches: rust, computer vision | Missing: valuation, git | 8y exp matches requirement | Strong trajectory"
CAND_0028184,742,0.6792,"Matches: computer vision | Missing: valuation, rust | 6y exp matches requirement | Strong trajectory"
CAND_0028184,743,0.6792,"Matches: computer vision | Missing: valuation, rust | 6y exp matches requirement | Strong trajectory"
CAND_0052566,744,0.6792,"Missing: valuation, rust | 6y exp matches requirement | Strong trajectory"
CAND_0052566,745,0.6792,"Missing: valuation, rust | 6y exp matches requirement | Strong trajectory"
CAND_0004330,746,0.6791,"Matches: langchain, embeddings | Missing: valuation, rust | Over: 14y vs max 9y | Strong trajectory"
CAND_0002887,747,0.6791,"Matches: computer vision | Missing: valuation, rust | 6y exp matches requirement | Strong trajectory"
CAND_0022621,748,0.6791,"Matches: computer vision | Missing: valuation, rust | 7y exp matches requirement | Strong trajectory"
CAND_0022621,749,0.6791,"Matches: computer vision | Missing: valuation, rust | 7y exp matches requirement | Strong trajectory"
CAND_0003908,750,0.679,"Matches: faiss, langchain | Missing: valuation, rust | Below: 4y vs 5y needed | Strong trajectory"
CAND_0001319,751,0.679,"Matches: faiss, langchain | Missing: valuation, rust | Below: 3y vs 5y needed | Strong trajectory"
CAND_0099916,752,0.679,"Missing: valuation, rust | 9y exp matches requirement | Strong trajectory"
CAND_0099916,753,0.679,"Missing: valuation, rust | 9y exp matches requirement | Strong trajectory"
CAND_0007631,754,0.679,"Matches: computer vision | Missing: valuation, rust | 5y exp matches requirement | Strong trajectory"
CAND_0007631,755,0.679,"Matches: computer vision | Missing: valuation, rust | 5y exp matches requirement | Strong trajectory"
CAND_0000883,756,0.6789,"Matches: faiss, langchain | Missing: valuation, rust | Over: 15y vs max 9y | Strong trajectory"
CAND_0000426,757,0.6789,"Matches: faiss | Missing: valuation, rust | 6y exp matches requirement | Strong trajectory"
CAND_0001989,758,0.6789,"Matches: computer vision, python | Missing: valuation, rust | 6y exp matches requirement | Strong trajectory"
CAND_0001302,759,0.6788,"Matches: rust, computer vision | Missing: valuation, git | 6y exp matches requirement | Strong trajectory"
CAND_0007153,760,0.6788,"Matches: computer vision | Missing: valuation, rust | Below: 4y vs 5y needed | Strong trajectory | Active candidate"
CAND_0007153,761,0.6788,"Matches: computer vision | Missing: valuation, rust | Below: 4y vs 5y needed | Strong trajectory | Active candidate"
CAND_0054791,762,0.6788,"Matches: nlp | Missing: valuation, rust | 6y exp matches requirement | Strong trajectory"
CAND_0054791,763,0.6788,"Matches: nlp | Missing: valuation, rust | 6y exp matches requirement | Strong trajectory"
CAND_0003395,764,0.6787,"Matches: embeddings | Missing: valuation, rust | 6y exp matches requirement | Strong trajectory"
CAND_0001583,765,0.6787,"Matches: computer vision | Missing: valuation, rust | 7y exp matches requirement | Strong trajectory"
CAND_0004267,766,0.6787,"Missing: valuation, rust | 7y exp matches requirement | Strong trajectory"
CAND_0004962,767,0.6787,"Matches: faiss, computer vision | Missing: valuation, rust | Below: 5y vs 5y needed | Strong trajectory"
CAND_0004962,768,0.6787,"Matches: faiss, computer vision | Missing: valuation, rust | Below: 5y vs 5y needed | Strong trajectory"
CAND_0000112,769,0.6786,"Matches: go | Missing: valuation, rust | Below: 4y vs 5y needed | Strong trajectory"
CAND_0060832,770,0.6786,"Matches: faiss, langchain | Missing: valuation, rust | Over: 13y vs max 9y | Strong trajectory"
CAND_0060832,771,0.6786,"Matches: faiss, langchain | Missing: valuation, rust | Over: 13y vs max 9y | Strong trajectory"
CAND_0000874,772,0.6785,"Matches: langchain, embeddings | Missing: valuation, rust | 6y exp matches requirement | Strong trajectory"
CAND_0002935,773,0.6785,"Matches: embeddings | Missing: valuation, rust | 9y exp matches requirement | Strong trajectory"
CAND_0016881,774,0.6785,"Matches: faiss, computer vision | Missing: valuation, rust | 7y exp matches requirement | Strong trajectory"
CAND_0016881,775,0.6785,"Matches: faiss, computer vision | Missing: valuation, rust | 7y exp matches requirement | Strong trajectory"
CAND_0001316,776,0.6784,"Matches: go | Missing: valuation, rust | 6y exp matches requirement | Strong trajectory"
CAND_0004168,777,0.6784,"Matches: rust | Missing: valuation, git | 6y exp matches requirement | Strong trajectory"
CAND_0080107,778,0.6784,"Matches: langchain, embeddings | Missing: valuation, rust | 6y exp matches requirement | Strong trajectory"
CAND_0080107,779,0.6784,"Matches: langchain, embeddings | Missing: valuation, rust | 6y exp matches requirement | Strong trajectory"
CAND_0001224,780,0.6784,"Matches: rust, faiss | Missing: valuation, git | 5y exp matches requirement | Strong trajectory"
CAND_0001224,781,0.6784,"Matches: rust, faiss | Missing: valuation, git | 5y exp matches requirement | Strong trajectory"
CAND_0052289,782,0.6784,"Matches: faiss | Missing: valuation, rust | 7y exp matches requirement | Strong trajectory | Active candidate"
CAND_0052289,783,0.6784,"Matches: faiss | Missing: valuation, rust | 7y exp matches requirement | Strong trajectory | Active candidate"
CAND_0004678,784,0.6783,"Matches: python | Missing: valuation, rust | Over: 10y vs max 9y | Strong trajectory | Active candidate"
CAND_0031221,785,0.6783,"Matches: faiss | Missing: valuation, rust | 8y exp matches requirement | Strong trajectory"
CAND_0031221,786,0.6783,"Matches: faiss | Missing: valuation, rust | 8y exp matches requirement | Strong trajectory"
CAND_0004735,787,0.6782,"Missing: valuation, rust | Over: 11y vs max 9y | Strong trajectory"
CAND_0002157,788,0.6782,"Matches: go | Missing: valuation, rust | 7y exp matches requirement | Strong trajectory"
CAND_0001778,789,0.6782,"Matches: go | Missing: valuation, rust | 6y exp matches requirement | Strong trajectory"
CAND_0026953,790,0.6782,"Missing: valuation, rust | 5y exp matches requirement | Strong trajectory"
CAND_0026953,791,0.6782,"Missing: valuation, rust | 5y exp matches requirement | Strong trajectory"
CAND_0002143,792,0.6781,"Matches: rust | Missing: valuation, git | 5y exp matches requirement | Strong trajectory"
CAND_0004282,793,0.6781,"Missing: valuation, rust | 7y exp matches requirement | Strong trajectory"
CAND_0003747,794,0.6781,"Missing: valuation, rust | 5y exp matches requirement | Strong trajectory"
CAND_0000508,795,0.678,"Matches: computer vision | Missing: valuation, rust | Below: 5y vs 5y needed | Strong trajectory"
CAND_0092410,796,0.678,"Matches: computer vision | Missing: valuation, rust | 6y exp matches requirement | Strong trajectory"
CAND_0092410,797,0.678,"Matches: computer vision | Missing: valuation, rust | 6y exp matches requirement | Strong trajectory"
CAND_0084036,798,0.678,"Matches: rust, faiss | Missing: valuation, git | 6y exp matches requirement | Strong trajectory"
CAND_0084036,799,0.678,"Matches: rust, faiss | Missing: valuation, git | 6y exp matches requirement | Strong trajectory"
CAND_0029178,800,0.6779,"Matches: faiss, computer vision | Missing: valuation, rust | 6y exp matches requirement | Strong trajectory"
CAND_0029178,801,0.6779,"Matches: faiss, computer vision | Missing: valuation, rust | 6y exp matches requirement | Strong trajectory"
CAND_0002985,802,0.6778,"Missing: valuation, rust | Over: 9y vs max 9y | Strong trajectory"
CAND_0038631,803,0.6778,"Matches: nlp, go | Missing: valuation, rust | 8y exp matches requirement | Strong trajectory"
CAND_0038631,804,0.6778,"Matches: nlp, go | Missing: valuation, rust | 8y exp matches requirement | Strong trajectory"
CAND_0025971,805,0.6778,"Matches: faiss, python | Missing: valuation, rust | 5y exp matches requirement | Strong trajectory"
CAND_0025971,806,0.6778,"Matches: faiss, python | Missing: valuation, rust | 5y exp matches requirement | Strong trajectory"
CAND_0044214,807,0.6777,"Matches: embeddings | Missing: valuation, rust | 5y exp matches requirement | Strong trajectory"
CAND_0044214,808,0.6777,"Matches: embeddings | Missing: valuation, rust | 5y exp matches requirement | Strong trajectory"
CAND_0001450,809,0.6776,"Matches: langchain | Missing: valuation, rust | Over: 10y vs max 9y | Strong trajectory"
CAND_0003825,810,0.6776,"Matches: computer vision | Missing: valuation, rust | 7y exp matches requirement | Strong trajectory"
CAND_0058300,811,0.6776,"Matches: computer vision, python | Missing: valuation, rust | Below: 4y vs 5y needed | Strong trajectory"
CAND_0058300,812,0.6776,"Matches: computer vision, python | Missing: valuation, rust | Below: 4y vs 5y needed | Strong trajectory"
CAND_0004333,813,0.6775,"Matches: go | Missing: valuation, rust | 8y exp matches requirement | Strong trajectory"
CAND_0000581,814,0.6775,"Matches: langchain, go | Missing: valuation, rust | Over: 14y vs max 9y | Strong trajectory"
CAND_0060257,815,0.6775,"Matches: langchain | Missing: valuation, rust | 6y exp matches requirement | Strong trajectory"
CAND_0060257,816,0.6775,"Matches: langchain | Missing: valuation, rust | 6y exp matches requirement | Strong trajectory"
CAND_0001494,817,0.6774,"Matches: nlp | Missing: valuation, rust | 6y exp matches requirement | Strong trajectory"
CAND_0000576,818,0.6774,"Matches: faiss, langchain | Missing: valuation, rust | 6y exp matches requirement | Strong trajectory"
CAND_0002414,819,0.6774,"Matches: go | Missing: valuation, rust | 5y exp matches requirement | Strong trajectory | Active candidate"
CAND_0000517,820,0.6774,"Missing: valuation, rust | 9y exp matches requirement | Strong trajectory"
CAND_0001060,821,0.6774,"Matches: langchain | Missing: valuation, rust | 8y exp matches requirement | Strong trajectory"
CAND_0012065,822,0.6774,"Missing: valuation, rust | 5y exp matches requirement | Strong trajectory | Active candidate"
CAND_0012065,823,0.6774,"Missing: valuation, rust | 5y exp matches requirement | Strong trajectory | Active candidate"
CAND_0092767,824,0.6774,"Matches: faiss, langchain | Missing: valuation, rust | 9y exp matches requirement | Strong trajectory"
CAND_0092767,825,0.6774,"Matches: faiss, langchain | Missing: valuation, rust | 9y exp matches requirement | Strong trajectory"
CAND_0072929,826,0.6774,"Matches: faiss, langchain | Missing: valuation, rust | 5y exp matches requirement | Strong trajectory"
CAND_0072929,827,0.6774,"Matches: faiss, langchain | Missing: valuation, rust | 5y exp matches requirement | Strong trajectory"
CAND_0004643,828,0.6773,"Matches: embeddings | Missing: valuation, rust | Below: 5y vs 5y needed | Strong trajectory"
CAND_0003025,829,0.6773,"Matches: python | Missing: valuation, rust | Below: 5y vs 5y needed | Strong trajectory"
CAND_0003506,830,0.6773,"Matches: embeddings | Missing: valuation, rust | 6y exp matches requirement | Strong trajectory"
CAND_0037329,831,0.6773,"Matches: embeddings | Missing: valuation, rust | 7y exp matches requirement | Strong trajectory"
CAND_0037329,832,0.6773,"Matches: embeddings | Missing: valuation, rust | 7y exp matches requirement | Strong trajectory"
CAND_0069773,833,0.6773,"Missing: valuation, rust | 6y exp matches requirement | Strong trajectory"
CAND_0069773,834,0.6773,"Missing: valuation, rust | 6y exp matches requirement | Strong trajectory"
CAND_0004388,835,0.6772,"Matches: computer vision | Missing: valuation, rust | Below: 4y vs 5y needed | Strong trajectory"
CAND_0004677,836,0.6772,"Missing: valuation, rust | 6y exp matches requirement | Strong trajectory"
CAND_0099977,837,0.6772,"Matches: computer vision | Missing: valuation, rust | 7y exp matches requirement | Strong trajectory"
CAND_0099977,838,0.6772,"Matches: computer vision | Missing: valuation, rust | 7y exp matches requirement | Strong trajectory"
CAND_0079199,839,0.6772,"Missing: valuation, rust | 5y exp matches requirement | Strong trajectory"
CAND_0079199,840,0.6772,"Missing: valuation, rust | 5y exp matches requirement | Strong trajectory"
CAND_0004491,841,0.6771,"Matches: embeddings | Missing: valuation, rust | Below: 5y vs 5y needed | Strong trajectory"
CAND_0002856,842,0.6771,"Missing: valuation, rust | 7y exp matches requirement | Strong trajectory"
CAND_0067828,843,0.6771,"Missing: valuation, rust | Below: 5y vs 5y needed | Strong trajectory | Active candidate"
CAND_0067828,844,0.6771,"Missing: valuation, rust | Below: 5y vs 5y needed | Strong trajectory | Active candidate"
CAND_0004377,845,0.6771,"Matches: go | Missing: valuation, rust | 9y exp matches requirement | Strong trajectory"
CAND_0040677,846,0.6771,"Matches: python | Missing: valuation, rust | Below: 4y vs 5y needed | Strong trajectory"
CAND_0040677,847,0.6771,"Matches: python | Missing: valuation, rust | Below: 4y vs 5y needed | Strong trajectory"
CAND_0009200,848,0.6771,"Missing: valuation, rust | 6y exp matches requirement | Strong trajectory"
CAND_0009200,849,0.6771,"Missing: valuation, rust | 6y exp matches requirement | Strong trajectory"
CAND_0085049,850,0.6771,"Matches: computer vision | Missing: valuation, rust | Below: 4y vs 5y needed | Strong trajectory | Active candidate"
CAND_0085049,851,0.6771,"Matches: computer vision | Missing: valuation, rust | Below: 4y vs 5y needed | Strong trajectory | Active candidate"
CAND_0002441,852,0.677,"Matches: langchain, embeddings | Missing: valuation, rust | Over: 10y vs max 9y | Strong trajectory"
CAND_0001378,853,0.6769,"Matches: computer vision | Missing: valuation, rust | Below: 5y vs 5y needed | Strong trajectory"
CAND_0082026,854,0.6769,"Matches: nlp | Missing: valuation, rust | 6y exp matches requirement | Strong trajectory"
CAND_0082026,855,0.6769,"Matches: nlp | Missing: valuation, rust | 6y exp matches requirement | Strong trajectory"
CAND_0001498,856,0.6768,"Matches: computer vision, langchain | Missing: valuation, rust | 6y exp matches requirement | Strong trajectory"
CAND_0001151,857,0.6768,"Missing: valuation, rust | 5y exp matches requirement | Strong trajectory"
CAND_0022589,858,0.6767,"Missing: valuation, rust | 6y exp matches requirement | Strong trajectory"
CAND_0022589,859,0.6767,"Missing: valuation, rust | 6y exp matches requirement | Strong trajectory"
CAND_0089228,860,0.6767,"Matches: faiss, langchain | Missing: valuation, rust | Over: 10y vs max 9y | Strong trajectory"
CAND_0089228,861,0.6767,"Matches: faiss, langchain | Missing: valuation, rust | Over: 10y vs max 9y | Strong trajectory"
CAND_0004001,862,0.6766,"Matches: embeddings | Missing: valuation, rust | 8y exp matches requirement | Strong trajectory"
CAND_0000331,863,0.6765,"Matches: rust | Missing: valuation, git | 6y exp matches requirement | Strong trajectory | Active candidate"
CAND_0001476,864,0.6764,"Missing: valuation, rust | Over: 11y vs max 9y | Strong trajectory"
CAND_0001657,865,0.6764,"Missing: valuation, rust | 9y exp matches requirement | Strong trajectory"
CAND_0000046,866,0.6763,"Missing: valuation, rust | 8y exp matches requirement | Strong trajectory"
CAND_0059413,867,0.6763,"Matches: faiss, langchain | Missing: valuation, rust | Over: 11y vs max 9y | Strong trajectory"
CAND_0059413,868,0.6763,"Matches: faiss, langchain | Missing: valuation, rust | Over: 11y vs max 9y | Strong trajectory"
CAND_0004039,869,0.6762,"Missing: valuation, rust | 7y exp matches requirement | Strong trajectory"
CAND_0043312,870,0.6762,"Matches: langchain | Missing: valuation, rust | Below: 4y vs 5y needed | Strong trajectory | Active candidate"
CAND_0043312,871,0.6762,"Matches: langchain | Missing: valuation, rust | Below: 4y vs 5y needed | Strong trajectory | Active candidate"
CAND_0084562,872,0.6762,"Matches: langchain | Missing: valuation, rust | 8y exp matches requirement | Strong trajectory"
CAND_0084562,873,0.6762,"Matches: langchain | Missing: valuation, rust | 8y exp matches requirement | Strong trajectory"
CAND_0086648,874,0.6762,"Matches: computer vision | Missing: valuation, rust | 6y exp matches requirement | Strong trajectory"
CAND_0086648,875,0.6762,"Matches: computer vision | Missing: valuation, rust | 6y exp matches requirement | Strong trajectory"
CAND_0081730,876,0.6762,"Matches: nlp, langchain | Missing: valuation, rust | 8y exp matches requirement | Strong trajectory"
CAND_0081730,877,0.6762,"Matches: nlp, langchain | Missing: valuation, rust | 8y exp matches requirement | Strong trajectory"
CAND_0004490,878,0.6761,"Missing: valuation, rust | 6y exp matches requirement | Strong trajectory"
CAND_0059224,879,0.6761,"Matches: rust | Missing: valuation, git | 6y exp matches requirement | Strong trajectory"
CAND_0059224,880,0.6761,"Matches: rust | Missing: valuation, git | 6y exp matches requirement | Strong trajectory"
CAND_0000007,881,0.676,"Missing: valuation, rust | 6y exp matches requirement | Strong trajectory | Active candidate"
CAND_0001846,882,0.676,"Missing: valuation, rust | 8y exp matches requirement | Strong trajectory"
CAND_0094985,883,0.676,"Matches: faiss, langchain | Missing: valuation, rust | Below: 5y vs 5y needed | Strong trajectory"
CAND_0094985,884,0.676,"Matches: faiss, langchain | Missing: valuation, rust | Below: 5y vs 5y needed | Strong trajectory"
CAND_0025923,885,0.676,"Missing: valuation, rust | 5y exp matches requirement | Strong trajectory | Active candidate"
CAND_0025923,886,0.676,"Missing: valuation, rust | 5y exp matches requirement | Strong trajectory | Active candidate"
CAND_0023215,887,0.676,"Missing: valuation, rust | Below: 4y vs 5y needed | Strong trajectory | Active candidate"
CAND_0023215,888,0.676,"Missing: valuation, rust | Below: 4y vs 5y needed | Strong trajectory | Active candidate"
CAND_0004688,889,0.6759,"Matches: rust | Missing: valuation, git | Over: 11y vs max 9y | Strong trajectory"
CAND_0003266,890,0.6759,"Missing: valuation, rust | 8y exp matches requirement | Strong trajectory"
CAND_0003608,891,0.6759,"Matches: rust, computer vision | Missing: valuation, git | 7y exp matches requirement | Strong trajectory"
CAND_0002743,892,0.6758,"Matches: nlp | Missing: valuation, rust | 6y exp matches requirement | Strong trajectory"
CAND_0002743,893,0.6758,"Matches: nlp | Missing: valuation, rust | 6y exp matches requirement | Strong trajectory"
CAND_0022901,894,0.6758,"Matches: faiss, langchain | Missing: valuation, rust | Over: 11y vs max 9y | Strong trajectory"
CAND_0022901,895,0.6758,"Matches: faiss, langchain | Missing: valuation, rust | Over: 11y vs max 9y | Strong trajectory"
CAND_0018421,896,0.6758,"Matches: go, embeddings | Missing: valuation, rust | 5y exp matches requirement | Strong trajectory"
CAND_0018421,897,0.6758,"Matches: go, embeddings | Missing: valuation, rust | 5y exp matches requirement | Strong trajectory"
CAND_0000323,898,0.6757,"Missing: valuation, rust | Over: 14y vs max 9y | Strong trajectory"
CAND_0004118,899,0.6757,"Missing: valuation, rust | Over: 10y vs max 9y | Strong trajectory"
CAND_0097294,900,0.6757,"Matches: langchain | Missing: valuation, rust | 7y exp matches requirement | Strong trajectory | Active candidate"
CAND_0097294,901,0.6757,"Matches: langchain | Missing: valuation, rust | 7y exp matches requirement | Strong trajectory | Active candidate"
CAND_0002062,902,0.6755,"Missing: valuation, rust | 8y exp matches requirement | Strong trajectory"
CAND_0054864,903,0.6755,"Matches: faiss, langchain | Missing: valuation, rust | 6y exp matches requirement | Strong trajectory"
CAND_0054864,904,0.6755,"Matches: faiss, langchain | Missing: valuation, rust | 6y exp matches requirement | Strong trajectory"
CAND_0000976,905,0.6754,"Missing: valuation, rust | 7y exp matches requirement | Strong trajectory"
CAND_0001158,906,0.6754,"Matches: computer vision | Missing: valuation, rust | 7y exp matches requirement | Strong trajectory"
CAND_0002548,907,0.6754,"Missing: valuation, rust | 7y exp matches requirement | Strong trajectory"
CAND_0002548,908,0.6754,"Missing: valuation, rust | 7y exp matches requirement | Strong trajectory"
CAND_0012909,909,0.6752,"Matches: go | Missing: valuation, rust | 6y exp matches requirement | Strong trajectory"
CAND_0012909,910,0.6752,"Matches: go | Missing: valuation, rust | 6y exp matches requirement | Strong trajectory"
CAND_0001789,911,0.6751,"Missing: valuation, rust | 6y exp matches requirement | Strong trajectory"
CAND_0004135,912,0.6751,"Matches: go | Missing: valuation, rust | 6y exp matches requirement | Strong trajectory"
CAND_0033752,913,0.6751,"Matches: nlp, langchain | Missing: valuation, rust | 6y exp matches requirement | Strong trajectory"
CAND_0033752,914,0.6751,"Matches: nlp, langchain | Missing: valuation, rust | 6y exp matches requirement | Strong trajectory"
CAND_0040506,915,0.6751,"Matches: computer vision, nlp | Missing: valuation, rust | Below: 4y vs 5y needed | Strong trajectory"
CAND_0040506,916,0.6751,"Matches: computer vision, nlp | Missing: valuation, rust | Below: 4y vs 5y needed | Strong trajectory"
CAND_0020662,917,0.6751,"Matches: langchain, embeddings | Missing: valuation, rust | 7y exp matches requirement | Strong trajectory"
CAND_0020662,918,0.6751,"Matches: langchain, embeddings | Missing: valuation, rust | 7y exp matches requirement | Strong trajectory"
CAND_0002637,919,0.675,"Matches: python | Missing: valuation, rust | Below: 4y vs 5y needed | Strong trajectory"
CAND_0000333,920,0.675,"Missing: valuation, rust | 7y exp matches requirement | Strong trajectory"
CAND_0001913,921,0.675,"Missing: valuation, rust | 8y exp matches requirement | Strong trajectory"
CAND_0004852,922,0.675,"Matches: computer vision, embeddings | Missing: valuation, rust | 7y exp matches requirement | Strong trajectory"
CAND_0004852,923,0.675,"Matches: computer vision, embeddings | Missing: valuation, rust | 7y exp matches requirement | Strong trajectory"
CAND_0000623,924,0.6749,"Missing: valuation, rust | 5y exp matches requirement | Strong trajectory"
CAND_0001638,925,0.6748,"Matches: rust, computer vision | Missing: valuation, git | 8y exp matches requirement | Strong trajectory"
CAND_0003917,926,0.6748,"Missing: valuation, rust | 7y exp matches requirement | Strong trajectory"
CAND_0071609,927,0.6748,"Matches: langchain | Missing: valuation, rust | 6y exp matches requirement | Strong trajectory"
CAND_0071609,928,0.6748,"Matches: langchain | Missing: valuation, rust | 6y exp matches requirement | Strong trajectory"
CAND_0000294,929,0.6747,"Missing: valuation, rust | 9y exp matches requirement | Strong trajectory"
CAND_0004754,930,0.6747,"Missing: valuation, rust | 7y exp matches requirement | Strong trajectory"
CAND_0001761,931,0.6747,"Missing: valuation, rust | 6y exp matches requirement | Strong trajectory"
CAND_0030550,932,0.6747,"Missing: valuation, rust | 5y exp matches requirement | Strong trajectory"
CAND_0030550,933,0.6747,"Missing: valuation, rust | 5y exp matches requirement | Strong trajectory"
CAND_0069925,934,0.6747,"Matches: faiss, langchain | Missing: valuation, rust | 5y exp matches requirement | Strong trajectory"
CAND_0069925,935,0.6747,"Matches: faiss, langchain | Missing: valuation, rust | 5y exp matches requirement | Strong trajectory"
CAND_0094728,936,0.6746,"Matches: embeddings | Missing: valuation, rust | 6y exp matches requirement | Strong trajectory"
CAND_0094728,937,0.6746,"Matches: embeddings | Missing: valuation, rust | 6y exp matches requirement | Strong trajectory"
CAND_0001126,938,0.6746,"Matches: nlp | Missing: valuation, rust | Below: 5y vs 5y needed | Strong trajectory | Active candidate"
CAND_0001126,939,0.6746,"Matches: nlp | Missing: valuation, rust | Below: 5y vs 5y needed | Strong trajectory | Active candidate"
CAND_0003990,940,0.6745,"Matches: faiss, computer vision | Missing: valuation, rust | 7y exp matches requirement | Strong trajectory"
CAND_0047981,941,0.6745,"Matches: computer vision | Missing: valuation, rust | 8y exp matches requirement | Strong trajectory"
CAND_0047981,942,0.6745,"Matches: computer vision | Missing: valuation, rust | 8y exp matches requirement | Strong trajectory"
CAND_0044279,943,0.6745,"Matches: faiss, langchain | Missing: valuation, rust | 7y exp matches requirement | Strong trajectory"
CAND_0044279,944,0.6745,"Matches: faiss, langchain | Missing: valuation, rust | 7y exp matches requirement | Strong trajectory"
CAND_0044804,945,0.6744,"Matches: rust, faiss | Missing: valuation, git | Below: 4y vs 5y needed | Strong trajectory"
CAND_0044804,946,0.6744,"Matches: rust, faiss | Missing: valuation, git | Below: 4y vs 5y needed | Strong trajectory"
CAND_0003770,947,0.6742,"Matches: rust, faiss | Missing: valuation, git | 8y exp matches requirement | Strong trajectory"
CAND_0000862,948,0.6742,"Matches: faiss, langchain | Missing: valuation, rust | Over: 11y vs max 9y | Strong trajectory"
CAND_0070464,949,0.6742,"Matches: computer vision | Missing: valuation, rust | 9y exp matches requirement | Strong trajectory"
CAND_0070464,950,0.6742,"Matches: computer vision | Missing: valuation, rust | 9y exp matches requirement | Strong trajectory"
CAND_0002177,951,0.6741,"Matches: go | Missing: valuation, rust | 5y exp matches requirement | Strong trajectory"
CAND_0003286,952,0.6741,"Missing: valuation, rust | 8y exp matches requirement | Strong trajectory"
CAND_0002770,953,0.6741,"Matches: langchain | Missing: valuation, rust | 6y exp matches requirement | Strong trajectory"
CAND_0003324,954,0.674,"Matches: langchain, embeddings | Missing: valuation, rust | Over: 11y vs max 9y | Strong trajectory"
CAND_0001845,955,0.674,"Matches: faiss, langchain | Missing: valuation, rust | Below: 3y vs 5y needed | Strong trajectory"
CAND_0002876,956,0.674,"Missing: valuation, rust | 6y exp matches requirement | Strong trajectory"
CAND_0007861,957,0.674,"Matches: langchain | Missing: valuation, rust | 5y exp matches requirement | Strong trajectory"
CAND_0007861,958,0.674,"Matches: langchain | Missing: valuation, rust | 5y exp matches requirement | Strong trajectory"
CAND_0040798,959,0.674,"Matches: rust | Missing: valuation, git | 6y exp matches requirement | Strong trajectory"
CAND_0040798,960,0.674,"Matches: rust | Missing: valuation, git | 6y exp matches requirement | Strong trajectory"
CAND_0000410,961,0.6739,"Matches: faiss, embeddings | Missing: valuation, rust | Over: 10y vs max 9y | Strong trajectory"
CAND_0000014,962,0.6739,"Matches: faiss | Missing: valuation, rust | 8y exp matches requirement | Strong trajectory"
CAND_0085220,963,0.6739,"Matches: rust, faiss | Missing: valuation, git | Over: 12y vs max 9y | Strong trajectory"
CAND_0085220,964,0.6739,"Matches: rust, faiss | Missing: valuation, git | Over: 12y vs max 9y | Strong trajectory"
CAND_0063965,965,0.6739,"Missing: valuation, rust | 7y exp matches requirement | Strong trajectory"
CAND_0063965,966,0.6739,"Missing: valuation, rust | 7y exp matches requirement | Strong trajectory"
CAND_0003802,967,0.6738,"Matches: rust | Missing: valuation, git | 6y exp matches requirement | Strong trajectory"
CAND_0049867,968,0.6738,"Missing: valuation, rust | 6y exp matches requirement | Strong trajectory"
CAND_0049867,969,0.6738,"Missing: valuation, rust | 6y exp matches requirement | Strong trajectory"
CAND_0051003,970,0.6738,"Matches: embeddings | Missing: valuation, rust | Below: 4y vs 5y needed | Strong trajectory"
CAND_0051003,971,0.6738,"Matches: embeddings | Missing: valuation, rust | Below: 4y vs 5y needed | Strong trajectory"
CAND_0001239,972,0.6737,"Missing: valuation, rust | Over: 12y vs max 9y | Strong trajectory"
CAND_0010806,973,0.6737,"Missing: valuation, rust | 5y exp matches requirement | Strong trajectory"
CAND_0010806,974,0.6737,"Missing: valuation, rust | 5y exp matches requirement | Strong trajectory"
CAND_0090201,975,0.6737,"Matches: computer vision, nlp | Missing: valuation, rust | 8y exp matches requirement | Strong trajectory"
CAND_0090201,976,0.6737,"Matches: computer vision, nlp | Missing: valuation, rust | 8y exp matches requirement | Strong trajectory"
CAND_0067609,977,0.6737,"Matches: python | Missing: valuation, rust | Below: 4y vs 5y needed | Strong trajectory"
CAND_0067609,978,0.6737,"Matches: python | Missing: valuation, rust | Below: 4y vs 5y needed | Strong trajectory"
CAND_0004266,979,0.6736,"Missing: valuation, rust | 9y exp matches requirement | Strong trajectory"
CAND_0002604,980,0.6736,"Matches: embeddings | Missing: valuation, rust | 7y exp matches requirement | Strong trajectory"
CAND_0074548,981,0.6736,"Matches: faiss, langchain | Missing: valuation, rust | 6y exp matches requirement | Strong trajectory"
CAND_0074548,982,0.6736,"Matches: faiss, langchain | Missing: valuation, rust | 6y exp matches requirement | Strong trajectory"
CAND_0024947,983,0.6736,"Matches: python | Missing: valuation, rust | 6y exp matches requirement | Strong trajectory | Active candidate"
CAND_0024947,984,0.6736,"Matches: python | Missing: valuation, rust | 6y exp matches requirement | Strong trajectory | Active candidate"
CAND_0045846,985,0.6736,"Matches: computer vision | Missing: valuation, rust | 5y exp matches requirement | Strong trajectory"
CAND_0045846,986,0.6736,"Matches: computer vision | Missing: valuation, rust | 5y exp matches requirement | Strong trajectory"
CAND_0010000,987,0.6735,"Matches: faiss, computer vision | Missing: valuation, rust | Below: 3y vs 5y needed | Strong trajectory"
CAND_0010000,988,0.6735,"Matches: faiss, computer vision | Missing: valuation, rust | Below: 3y vs 5y needed | Strong trajectory"
CAND_0078206,989,0.6735,"Matches: computer vision, go | Missing: valuation, rust | 8y exp matches requirement | Strong trajectory"
CAND_0078206,990,0.6735,"Matches: computer vision, go | Missing: valuation, rust | 8y exp matches requirement | Strong trajectory"
CAND_0003130,991,0.6735,"Matches: rust, nlp | Missing: valuation, git | 5y exp matches requirement | Strong trajectory"
CAND_0003130,992,0.6735,"Matches: rust, nlp | Missing: valuation, git | 5y exp matches requirement | Strong trajectory"
CAND_0008327,993,0.6734,"Matches: computer vision | Missing: valuation, rust | 7y exp matches requirement | Strong trajectory"
CAND_0008327,994,0.6734,"Matches: computer vision | Missing: valuation, rust | 7y exp matches requirement | Strong trajectory"
CAND_0086028,995,0.6734,"Matches: nlp | Missing: valuation, rust | 6y exp matches requirement | Strong trajectory"
CAND_0086028,996,0.6734,"Matches: nlp | Missing: valuation, rust | 6y exp matches requirement | Strong trajectory"
CAND_0062340,997,0.6734,"Matches: faiss, langchain | Missing: valuation, rust | Over: 10y vs max 9y | Strong trajectory"
CAND_0062340,998,0.6734,"Matches: faiss, langchain | Missing: valuation, rust | Over: 10y vs max 9y | Strong trajectory"
CAND_0022747,999,0.6734,"Matches: rust, computer vision | Missing: valuation, git | 8y exp matches requirement | Strong trajectory | Active candidate"
CAND_0022747,1000,0.6734,"Matches: rust, computer vision | Missing: valuation, git | 8y exp matches requirement | Strong trajectory | Active candidate"
CAND_0056137,1001,0.6733,"Matches: rust, faiss | Missing: valuation, git | Below: 5y vs 5y needed | Strong trajectory"
CAND_0056137,1002,0.6733,"Matches: rust, faiss | Missing: valuation, git | Below: 5y vs 5y needed | Strong trajectory"
CAND_0060934,1003,0.6733,"Matches: computer vision | Missing: valuation, rust | Below: 4y vs 5y needed | Strong trajectory | Active candidate"
CAND_0060934,1004,0.6733,"Matches: computer vision | Missing: valuation, rust | Below: 4y vs 5y needed | Strong trajectory | Active candidate"
CAND_0003773,1005,0.6732,"Matches: rust, langchain | Missing: valuation, git | Over: 14y vs max 9y | Strong trajectory"
CAND_0002506,1006,0.6732,"Missing: valuation, rust | 6y exp matches requirement | Strong trajectory"
CAND_0004555,1007,0.6732,"Missing: valuation, rust | 5y exp matches requirement | Strong trajectory"
CAND_0006833,1008,0.6732,"Matches: nlp | Missing: valuation, rust | 6y exp matches requirement | Strong trajectory"
CAND_0006833,1009,0.6732,"Matches: nlp | Missing: valuation, rust | 6y exp matches requirement | Strong trajectory"
CAND_0086292,1010,0.6732,"Matches: faiss | Missing: valuation, rust | 6y exp matches requirement | Strong trajectory"
CAND_0086292,1011,0.6732,"Matches: faiss | Missing: valuation, rust | 6y exp matches requirement | Strong trajectory"
CAND_0082291,1012,0.6732,"Matches: langchain | Missing: valuation, rust | 6y exp matches requirement | Strong trajectory"
CAND_0082291,1013,0.6732,"Matches: langchain | Missing: valuation, rust | 6y exp matches requirement | Strong trajectory"
CAND_0002801,1014,0.6731,"Matches: rust, langchain | Missing: valuation, git | Over: 11y vs max 9y | Strong trajectory"
CAND_0020049,1015,0.6731,"Matches: computer vision, nlp | Missing: valuation, rust | Below: 4y vs 5y needed | Strong trajectory"
CAND_0020049,1016,0.6731,"Matches: computer vision, nlp | Missing: valuation, rust | Below: 4y vs 5y needed | Strong trajectory"
CAND_0054916,1017,0.6731,"Matches: faiss, langchain | Missing: valuation, rust | 9y exp matches requirement | Strong trajectory"
CAND_0054916,1018,0.6731,"Matches: faiss, langchain | Missing: valuation, rust | 9y exp matches requirement | Strong trajectory"
CAND_0004150,1019,0.673,"Missing: valuation, rust | Below: 5y vs 5y needed | Strong trajectory"
CAND_0001263,1020,0.673,"Matches: computer vision | Missing: valuation, rust | 5y exp matches requirement | Strong trajectory"
CAND_0095184,1021,0.673,"Matches: computer vision, langchain | Missing: valuation, rust | 5y exp matches requirement | Strong trajectory"
CAND_0095184,1022,0.673,"Matches: computer vision, langchain | Missing: valuation, rust | 5y exp matches requirement | Strong trajectory"
CAND_0086267,1023,0.673,"Matches: langchain | Missing: valuation, rust | 5y exp matches requirement | Strong trajectory"
CAND_0086267,1024,0.673,"Matches: langchain | Missing: valuation, rust | 5y exp matches requirement | Strong trajectory"
CAND_0002941,1025,0.6729,"Missing: valuation, rust | 7y exp matches requirement | Strong trajectory"
CAND_0000131,1026,0.6729,"Matches: computer vision, go | Missing: valuation, rust | Below: 5y vs 5y needed | Strong trajectory"
CAND_0039029,1027,0.6729,"Matches: computer vision, go | Missing: valuation, rust | 5y exp matches requirement | Strong trajectory"
CAND_0039029,1028,0.6729,"Matches: computer vision, go | Missing: valuation, rust | 5y exp matches requirement | Strong trajectory"
CAND_0004843,1029,0.6728,"Matches: faiss, langchain | Missing: valuation, rust | Over: 14y vs max 9y | Strong trajectory"
CAND_0004432,1030,0.6728,"Missing: valuation, rust | 5y exp matches requirement | Strong trajectory"
CAND_0004300,1031,0.6727,"Missing: valuation, rust | 7y exp matches requirement | Strong trajectory"
CAND_0054409,1032,0.6727,"Missing: valuation, rust | 7y exp matches requirement | Strong trajectory"
CAND_0054409,1033,0.6727,"Missing: valuation, rust | 7y exp matches requirement | Strong trajectory"
CAND_0003777,1034,0.6726,"Missing: valuation, rust | 6y exp matches requirement | Strong trajectory"
CAND_0068777,1035,0.6726,"Matches: rust, nlp | Missing: valuation, git | 7y exp matches requirement | Strong trajectory"
CAND_0068777,1036,0.6726,"Matches: rust, nlp | Missing: valuation, git | 7y exp matches requirement | Strong trajectory"
CAND_0015065,1037,0.6726,"Matches: embeddings | Missing: valuation, rust | Below: 4y vs 5y needed | Strong trajectory | Active candidate"
CAND_0015065,1038,0.6726,"Matches: embeddings | Missing: valuation, rust | Below: 4y vs 5y needed | Strong trajectory | Active candidate"
CAND_0061674,1039,0.6726,"Matches: rust, computer vision | Missing: valuation, git | Below: 5y vs 5y needed | Strong trajectory"
CAND_0061674,1040,0.6726,"Matches: rust, computer vision | Missing: valuation, git | Below: 5y vs 5y needed | Strong trajectory"
CAND_0027872,1041,0.6726,"Matches: langchain | Missing: valuation, rust | 7y exp matches requirement | Strong trajectory"
CAND_0027872,1042,0.6726,"Matches: langchain | Missing: valuation, rust | 7y exp matches requirement | Strong trajectory"
CAND_0001533,1043,0.6725,"Matches: computer vision | Missing: valuation, rust | 8y exp matches requirement | Strong trajectory"
CAND_0087316,1044,0.6725,"Matches: computer vision, nlp | Missing: valuation, rust | Below: 4y vs 5y needed | Strong trajectory"
CAND_0087316,1045,0.6725,"Matches: computer vision, nlp | Missing: valuation, rust | Below: 4y vs 5y needed | Strong trajectory"
CAND_0074921,1046,0.6725,"Missing: valuation, rust | 5y exp matches requirement | Strong trajectory"
CAND_0074921,1047,0.6725,"Missing: valuation, rust | 5y exp matches requirement | Strong trajectory"
CAND_0003794,1048,0.6724,"Missing: valuation, rust | 8y exp matches requirement | Strong trajectory"
CAND_0040903,1049,0.6724,"Matches: faiss, computer vision | Missing: valuation, rust | 6y exp matches requirement | Strong trajectory"
CAND_0040903,1050,0.6724,"Matches: faiss, computer vision | Missing: valuation, rust | 6y exp matches requirement | Strong trajectory"
CAND_0017478,1051,0.6724,"Matches: computer vision, embeddings | Missing: valuation, rust | Below: 5y vs 5y needed | Strong trajectory"
CAND_0017478,1052,0.6724,"Matches: computer vision, embeddings | Missing: valuation, rust | Below: 5y vs 5y needed | Strong trajectory"
CAND_0002718,1053,0.6723,"Matches: go | Missing: valuation, rust | Over: 11y vs max 9y | Strong trajectory"
CAND_0003676,1054,0.6722,"Matches: faiss, langchain | Missing: valuation, rust | Over: 14y vs max 9y | Strong trajectory"
CAND_0004689,1055,0.6722,"Matches: rust, computer vision | Missing: valuation, git | 7y exp matches requirement | Strong trajectory"
CAND_0095423,1056,0.6722,"Matches: rust, computer vision | Missing: valuation, git | 8y exp matches requirement | Strong trajectory"
CAND_0095423,1057,0.6722,"Matches: rust, computer vision | Missing: valuation, git | 8y exp matches requirement | Strong trajectory"
CAND_0002813,1058,0.6721,"Matches: faiss, embeddings | Missing: valuation, rust | Below: 4y vs 5y needed | Strong trajectory"
CAND_0003670,1059,0.6721,"Matches: langchain | Missing: valuation, rust | Below: 4y vs 5y needed | Strong trajectory"
CAND_0003715,1060,0.6721,"Missing: valuation, rust | Over: 10y vs max 9y | Strong trajectory"
CAND_0001461,1061,0.6721,"Missing: valuation, rust | Over: 9y vs max 9y | Strong trajectory"
CAND_0004389,1062,0.672,"Matches: go | Missing: valuation, rust | 6y exp matches requirement | Strong trajectory"
CAND_0017055,1063,0.6719,"Missing: valuation, rust | Over: 11y vs max 9y | Strong trajectory"
CAND_0017055,1064,0.6719,"Missing: valuation, rust | Over: 11y vs max 9y | Strong trajectory"
CAND_0098723,1065,0.6719,"Matches: faiss, embeddings | Missing: valuation, rust | 6y exp matches requirement | Strong trajectory"
CAND_0098723,1066,0.6719,"Matches: faiss, embeddings | Missing: valuation, rust | 6y exp matches requirement | Strong trajectory"
CAND_0001405,1067,0.6718,"Missing: valuation, rust | Below: 4y vs 5y needed | Strong trajectory | Active candidate"
CAND_0001182,1068,0.6717,"Missing: valuation, rust | Over: 9y vs max 9y | Strong trajectory"
CAND_0001085,1069,0.6717,"Matches: computer vision | Missing: valuation, rust | 6y exp matches requirement | Strong trajectory"
CAND_0012557,1070,0.6717,"Matches: computer vision | Missing: valuation, rust | 7y exp matches requirement | Strong trajectory"
CAND_0012557,1071,0.6717,"Matches: computer vision | Missing: valuation, rust | 7y exp matches requirement | Strong trajectory"
CAND_0048473,1072,0.6716,"Matches: embeddings | Missing: valuation, rust | 8y exp matches requirement | Strong trajectory"
CAND_0048473,1073,0.6716,"Matches: embeddings | Missing: valuation, rust | 8y exp matches requirement | Strong trajectory"
CAND_0065786,1074,0.6716,"Missing: valuation, rust | Below: 5y vs 5y needed | Strong trajectory | Active candidate"
CAND_0065786,1075,0.6716,"Missing: valuation, rust | Below: 5y vs 5y needed | Strong trajectory | Active candidate"
CAND_0002311,1076,0.6715,"Missing: valuation, rust | 7y exp matches requirement | Strong trajectory"
CAND_0004728,1077,0.6715,"Missing: valuation, rust | 7y exp matches requirement | Strong trajectory"
CAND_0087733,1078,0.6715,"Missing: valuation, rust | 7y exp matches requirement | Strong trajectory"
CAND_0087733,1079,0.6715,"Missing: valuation, rust | 7y exp matches requirement | Strong trajectory"
CAND_0008592,1080,0.6715,"Matches: computer vision, python | Missing: valuation, rust | 6y exp matches requirement | Strong trajectory"
CAND_0008592,1081,0.6715,"Matches: computer vision, python | Missing: valuation, rust | 6y exp matches requirement | Strong trajectory"
CAND_0000440,1082,0.6714,"Matches: nlp | Missing: valuation, rust | 8y exp matches requirement | Strong trajectory"
CAND_0001852,1083,0.6714,"Missing: valuation, rust | 7y exp matches requirement | Strong trajectory"
CAND_0003599,1084,0.6714,"Matches: computer vision, python | Missing: valuation, rust | 6y exp matches requirement | Strong trajectory"
CAND_0001131,1085,0.6714,"Matches: computer vision | Missing: valuation, rust | 6y exp matches requirement | Strong trajectory"
CAND_0035664,1086,0.6714,"Matches: faiss, embeddings | Missing: valuation, rust | Over: 12y vs max 9y | Strong trajectory"
CAND_0035664,1087,0.6714,"Matches: faiss, embeddings | Missing: valuation, rust | Over: 12y vs max 9y | Strong trajectory"
CAND_0078020,1088,0.6713,"Matches: rust, computer vision | Missing: valuation, git | 8y exp matches requirement | Strong trajectory"
CAND_0078020,1089,0.6713,"Matches: rust, computer vision | Missing: valuation, git | 8y exp matches requirement | Strong trajectory"
CAND_0075138,1090,0.6713,"Matches: computer vision, python | Missing: valuation, rust | Below: 5y vs 5y needed | Strong trajectory"
CAND_0075138,1091,0.6713,"Matches: computer vision, python | Missing: valuation, rust | Below: 5y vs 5y needed | Strong trajectory"
CAND_0003824,1092,0.6712,"Matches: go | Missing: valuation, rust | Over: 15y vs max 9y | Strong trajectory"
CAND_0001714,1093,0.6712,"Matches: computer vision | Missing: valuation, rust | 5y exp matches requirement | Strong trajectory"
CAND_0000496,1094,0.6712,"Matches: rust | Missing: valuation, git | Over: 10y vs max 9y | Strong trajectory"
CAND_0002395,1095,0.6712,"Missing: valuation, rust | Over: 9y vs max 9y | Strong trajectory"
CAND_0056435,1096,0.6711,"Matches: rust, langchain | Missing: valuation, git | Below: 4y vs 5y needed | Strong trajectory"
CAND_0056435,1097,0.6711,"Matches: rust, langchain | Missing: valuation, git | Below: 4y vs 5y needed | Strong trajectory"
CAND_0043381,1098,0.6711,"Missing: valuation, rust | Below: 4y vs 5y needed | Strong trajectory | Active candidate"
CAND_0043381,1099,0.6711,"Missing: valuation, rust | Below: 4y vs 5y needed | Strong trajectory | Active candidate"
CAND_0023943,1100,0.6711,"Matches: rust, faiss | Missing: valuation, git | Below: 4y vs 5y needed | Strong trajectory"
CAND_0023943,1101,0.6711,"Matches: rust, faiss | Missing: valuation, git | Below: 4y vs 5y needed | Strong trajectory"
CAND_0003468,1102,0.671,"Matches: computer vision, go | Missing: valuation, rust | Below: 5y vs 5y needed | Strong trajectory"
CAND_0003724,1103,0.671,"Matches: go, embeddings | Missing: valuation, rust | 8y exp matches requirement | Strong trajectory"
CAND_0093931,1104,0.671,"Matches: go | Missing: valuation, rust | Below: 5y vs 5y needed | Strong trajectory"
CAND_0093931,1105,0.671,"Matches: go | Missing: valuation, rust | Below: 5y vs 5y needed | Strong trajectory"
CAND_0008677,1106,0.671,"Matches: python | Missing: valuation, rust | 6y exp matches requirement | Strong trajectory"
CAND_0008677,1107,0.671,"Matches: python | Missing: valuation, rust | 6y exp matches requirement | Strong trajectory"
CAND_0003234,1108,0.6709,"Matches: faiss, embeddings | Missing: valuation, rust | Over: 13y vs max 9y | Strong trajectory"
CAND_0003438,1109,0.6709,"Missing: valuation, rust | 6y exp matches requirement | Strong trajectory"
CAND_0052027,1110,0.6709,"Matches: langchain | Missing: valuation, rust | Below: 4y vs 5y needed | Strong trajectory"
CAND_0052027,1111,0.6709,"Matches: langchain | Missing: valuation, rust | Below: 4y vs 5y needed | Strong trajectory"
CAND_0004374,1112,0.6708,"Missing: valuation, rust | 6y exp matches requirement | Strong trajectory"
CAND_0009364,1113,0.6708,"Matches: computer vision, langchain | Missing: valuation, rust | 6y exp matches requirement | Strong trajectory"
CAND_0009364,1114,0.6708,"Matches: computer vision, langchain | Missing: valuation, rust | 6y exp matches requirement | Strong trajectory"
CAND_0040038,1115,0.6708,"Matches: faiss, langchain | Missing: valuation, rust | Over: 9y vs max 9y | Strong trajectory"
CAND_0040038,1116,0.6708,"Matches: faiss, langchain | Missing: valuation, rust | Over: 9y vs max 9y | Strong trajectory"
CAND_0002477,1117,0.6707,"Matches: faiss, embeddings | Missing: valuation, rust | Over: 11y vs max 9y | Strong trajectory"
CAND_0002438,1118,0.6707,"Matches: rust, go | Missing: valuation, git | 6y exp matches requirement | Strong trajectory"
CAND_0075481,1119,0.6707,"Matches: computer vision | Missing: valuation, rust | Below: 4y vs 5y needed | Strong trajectory | Active candidate"
CAND_0075481,1120,0.6707,"Matches: computer vision | Missing: valuation, rust | Below: 4y vs 5y needed | Strong trajectory | Active candidate"
CAND_0001962,1121,0.6706,"Missing: valuation, rust | 9y exp matches requirement | Strong trajectory"
CAND_0000852,1122,0.6706,"Missing: valuation, rust | Below: 5y vs 5y needed | Strong trajectory"
CAND_0087702,1123,0.6706,"Matches: langchain, python | Missing: valuation, rust | Below: 4y vs 5y needed | Strong trajectory"
CAND_0087702,1124,0.6706,"Matches: langchain, python | Missing: valuation, rust | Below: 4y vs 5y needed | Strong trajectory"
CAND_0097094,1125,0.6706,"Missing: valuation, rust | 6y exp matches requirement | Strong trajectory | Active candidate"
CAND_0097094,1126,0.6706,"Missing: valuation, rust | 6y exp matches requirement | Strong trajectory | Active candidate"
CAND_0053666,1127,0.6706,"Missing: valuation, rust | 7y exp matches requirement | Strong trajectory"
CAND_0053666,1128,0.6706,"Missing: valuation, rust | 7y exp matches requirement | Strong trajectory"
CAND_0037794,1129,0.6706,"Matches: rust | Missing: valuation, git | 7y exp matches requirement | Strong trajectory"
CAND_0037794,1130,0.6706,"Matches: rust | Missing: valuation, git | 7y exp matches requirement | Strong trajectory"
CAND_0003445,1131,0.6705,"Matches: computer vision, go | Missing: valuation, rust | Below: 5y vs 5y needed | Strong trajectory"
CAND_0001808,1132,0.6705,"Matches: python | Missing: valuation, rust | Below: 4y vs 5y needed | Strong trajectory | Active candidate"
CAND_0061298,1133,0.6705,"Matches: faiss, langchain | Missing: valuation, rust | Over: 15y vs max 9y | Strong trajectory"
CAND_0061298,1134,0.6705,"Matches: faiss, langchain | Missing: valuation, rust | Over: 15y vs max 9y | Strong trajectory"
CAND_0004820,1135,0.6704,"Matches: faiss, langchain | Missing: valuation, rust | Over: 12y vs max 9y | Strong trajectory"
CAND_0002920,1136,0.6704,"Matches: computer vision, go | Missing: valuation, rust | Below: 3y vs 5y needed | Strong trajectory"
CAND_0001695,1137,0.6704,"Matches: computer vision | Missing: valuation, rust | Over: 12y vs max 9y | Strong trajectory"
CAND_0001545,1138,0.6704,"Missing: valuation, rust | 7y exp matches requirement | Strong trajectory"
CAND_0093684,1139,0.6704,"Matches: rust, faiss | Missing: valuation, git | Over: 12y vs max 9y | Strong trajectory"
CAND_0093684,1140,0.6704,"Matches: rust, faiss | Missing: valuation, git | Over: 12y vs max 9y | Strong trajectory"
CAND_0076956,1141,0.6703,"Matches: computer vision | Missing: valuation, rust | 6y exp matches requirement | Strong trajectory"
CAND_0076956,1142,0.6703,"Matches: computer vision | Missing: valuation, rust | 6y exp matches requirement | Strong trajectory"
CAND_0001162,1143,0.6702,"Matches: rust, go | Missing: valuation, git | Over: 11y vs max 9y | Strong trajectory"
CAND_0001103,1144,0.6702,"Matches: rust | Missing: valuation, git | 6y exp matches requirement | Strong trajectory"
CAND_0028654,1145,0.6702,"Missing: valuation, rust | 6y exp matches requirement | Strong trajectory"
CAND_0028654,1146,0.6702,"Missing: valuation, rust | 6y exp matches requirement | Strong trajectory"
CAND_0052209,1147,0.6702,"Matches: computer vision, go | Missing: valuation, rust | 8y exp matches requirement | Strong trajectory"
CAND_0052209,1148,0.6702,"Matches: computer vision, go | Missing: valuation, rust | 8y exp matches requirement | Strong trajectory"
CAND_0001475,1149,0.6701,"Matches: rust | Missing: valuation, git | 6y exp matches requirement | Strong trajectory"
CAND_0006324,1150,0.6701,"Matches: rust, faiss | Missing: valuation, git | Over: 11y vs max 9y | Strong trajectory"
CAND_0006324,1151,0.6701,"Matches: rust, faiss | Missing: valuation, git | Over: 11y vs max 9y | Strong trajectory"
CAND_0001191,1152,0.6699,"Missing: valuation, rust | Over: 10y vs max 9y | Strong trajectory"
CAND_0003379,1153,0.6699,"Missing: valuation, rust | Over: 11y vs max 9y | Strong trajectory"
CAND_0051486,1154,0.6699,"Matches: langchain | Missing: valuation, rust | 6y exp matches requirement | Strong trajectory"
CAND_0051486,1155,0.6699,"Matches: langchain | Missing: valuation, rust | 6y exp matches requirement | Strong trajectory"
CAND_0002800,1156,0.6698,"Matches: go | Missing: valuation, rust | 8y exp matches requirement | Strong trajectory"
CAND_0003340,1157,0.6698,"Missing: valuation, rust | Over: 9y vs max 9y | Strong trajectory"
CAND_0080853,1158,0.6698,"Matches: computer vision | Missing: valuation, rust | 7y exp matches requirement | Strong trajectory"
CAND_0080853,1159,0.6698,"Matches: computer vision | Missing: valuation, rust | 7y exp matches requirement | Strong trajectory"
CAND_0090110,1160,0.6698,"Missing: valuation, rust | 5y exp matches requirement | Strong trajectory"
CAND_0090110,1161,0.6698,"Missing: valuation, rust | 5y exp matches requirement | Strong trajectory"
CAND_0003975,1162,0.6697,"Missing: valuation, rust | 7y exp matches requirement | Strong trajectory"
CAND_0007843,1163,0.6697,"Matches: rust, computer vision | Missing: valuation, git | 6y exp matches requirement | Strong trajectory"
CAND_0007843,1164,0.6697,"Matches: rust, computer vision | Missing: valuation, git | 6y exp matches requirement | Strong trajectory"
CAND_0004142,1165,0.6696,"Matches: computer vision | Missing: valuation, rust | 7y exp matches requirement | Strong trajectory"
CAND_0044576,1166,0.6696,"Matches: langchain | Missing: valuation, rust | 5y exp matches requirement | Strong trajectory"
CAND_0044576,1167,0.6696,"Matches: langchain | Missing: valuation, rust | 5y exp matches requirement | Strong trajectory"
CAND_0000167,1168,0.6695,"Missing: valuation, rust | Over: 9y vs max 9y | Strong trajectory | Active candidate"
CAND_0062649,1169,0.6695,"Matches: computer vision | Missing: valuation, rust | 7y exp matches requirement | Strong trajectory"
CAND_0062649,1170,0.6695,"Matches: computer vision | Missing: valuation, rust | 7y exp matches requirement | Strong trajectory"
CAND_0086012,1171,0.6695,"Matches: faiss | Missing: valuation, rust | 5y exp matches requirement | Strong trajectory"
CAND_0086012,1172,0.6695,"Matches: faiss | Missing: valuation, rust | 5y exp matches requirement | Strong trajectory"
CAND_0040489,1173,0.6695,"Matches: faiss, langchain | Missing: valuation, rust | 8y exp matches requirement | Strong trajectory"
CAND_0040489,1174,0.6695,"Matches: faiss, langchain | Missing: valuation, rust | 8y exp matches requirement | Strong trajectory"
CAND_0002003,1175,0.6694,"Missing: valuation, rust | Over: 12y vs max 9y | Strong trajectory"
CAND_0002039,1176,0.6694,"Missing: valuation, rust | 8y exp matches requirement | Strong trajectory"
CAND_0018613,1177,0.6694,"Missing: valuation, rust | Below: 5y vs 5y needed | Strong trajectory"
CAND_0018613,1178,0.6694,"Missing: valuation, rust | Below: 5y vs 5y needed | Strong trajectory"
CAND_0003397,1179,0.6693,"Matches: langchain | Missing: valuation, rust | 8y exp matches requirement | Strong trajectory"
CAND_0003501,1180,0.6693,"Matches: faiss, langchain | Missing: valuation, rust | Below: 4y vs 5y needed | Strong trajectory"
CAND_0003135,1181,0.6693,"Missing: valuation, rust | 8y exp matches requirement | Strong trajectory"
CAND_0001581,1182,0.6693,"Missing: valuation, rust | 7y exp matches requirement | Strong trajectory"
CAND_0001480,1183,0.6693,"Matches: go | Missing: valuation, rust | 6y exp matches requirement | Strong trajectory"
CAND_0003869,1184,0.6693,"Matches: rust | Missing: valuation, git | 8y exp matches requirement | Strong trajectory"
CAND_0022720,1185,0.6693,"Missing: valuation, rust | 6y exp matches requirement | Strong trajectory"
CAND_0022720,1186,0.6693,"Missing: valuation, rust | 6y exp matches requirement | Strong trajectory"
CAND_0004243,1187,0.6692,"Missing: valuation, rust | 7y exp matches requirement | Strong trajectory"
CAND_0002376,1188,0.6692,"Matches: rust | Missing: valuation, git | 6y exp matches requirement | Strong trajectory"
CAND_0051759,1189,0.6691,"Matches: rust, python | Missing: valuation, git | 6y exp matches requirement | Strong trajectory"
CAND_0051759,1190,0.6691,"Matches: rust, python | Missing: valuation, git | 6y exp matches requirement | Strong trajectory"
CAND_0001874,1191,0.669,"Matches: langchain, embeddings | Missing: valuation, rust | Over: 15y vs max 9y | Strong trajectory"
CAND_0064521,1192,0.669,"Missing: valuation, rust | 5y exp matches requirement | Strong trajectory"
CAND_0064521,1193,0.669,"Missing: valuation, rust | 5y exp matches requirement | Strong trajectory"
CAND_0015823,1194,0.6689,"Matches: faiss | Missing: valuation, rust | 7y exp matches requirement | Strong trajectory"
CAND_0015823,1195,0.6689,"Matches: faiss | Missing: valuation, rust | 7y exp matches requirement | Strong trajectory"
CAND_0012300,1196,0.6689,"Matches: rust | Missing: valuation, git | Below: 5y vs 5y needed | Strong trajectory"
CAND_0012300,1197,0.6689,"Matches: rust | Missing: valuation, git | Below: 5y vs 5y needed | Strong trajectory"
CAND_0085078,1198,0.6689,"Matches: computer vision | Missing: valuation, rust | 7y exp matches requirement | Strong trajectory"
CAND_0085078,1199,0.6689,"Matches: computer vision | Missing: valuation, rust | 7y exp matches requirement | Strong trajectory"
CAND_0088176,1200,0.6689,"Matches: rust, faiss | Missing: valuation, git | Over: 10y vs max 9y | Strong trajectory"
CAND_0088176,1201,0.6689,"Matches: rust, faiss | Missing: valuation, git | Over: 10y vs max 9y | Strong trajectory"
CAND_0004220,1202,0.6688,"Matches: faiss, langchain | Missing: valuation, rust | 8y exp matches requirement | Strong trajectory"
CAND_0004718,1203,0.6688,"Missing: valuation, rust | 6y exp matches requirement | Strong trajectory"
CAND_0001685,1204,0.6688,"Matches: rust | Missing: valuation, git | Over: 10y vs max 9y | Strong trajectory"
CAND_0003784,1205,0.6688,"Missing: valuation, rust | Over: 14y vs max 9y | Strong trajectory | Active candidate"
CAND_0004863,1206,0.6688,"Matches: nlp | Missing: valuation, rust | 8y exp matches requirement | Strong trajectory"
CAND_0000345,1207,0.6688,"Matches: faiss | Missing: valuation, rust | Below: 4y vs 5y needed | Strong trajectory"
CAND_0003650,1208,0.6688,"Matches: rust | Missing: valuation, git | 7y exp matches requirement | Strong trajectory"
CAND_0003339,1209,0.6687,"Matches: go | Missing: valuation, rust | 5y exp matches requirement | Strong trajectory"
CAND_0089920,1210,0.6687,"Matches: go, embeddings | Missing: valuation, rust | 6y exp matches requirement | Strong trajectory"
CAND_0089920,1211,0.6687,"Matches: go, embeddings | Missing: valuation, rust | 6y exp matches requirement | Strong trajectory"
CAND_0003836,1212,0.6687,"Missing: valuation, rust | 6y exp matches requirement | Strong trajectory | Active candidate"
CAND_0002770,1213,0.6687,"Matches: langchain | Missing: valuation, rust | 6y exp matches requirement | Strong trajectory"
CAND_0002770,1214,0.6687,"Matches: langchain | Missing: valuation, rust | 6y exp matches requirement | Strong trajectory"
CAND_0049688,1215,0.6687,"Missing: valuation, rust | 5y exp matches requirement | Strong trajectory"
CAND_0049688,1216,0.6687,"Missing: valuation, rust | 5y exp matches requirement | Strong trajectory"
CAND_0003106,1217,0.6686,"Matches: rust, computer vision | Missing: valuation, git | Below: 4y vs 5y needed | Strong trajectory"
CAND_0070485,1218,0.6686,"Matches: faiss | Missing: valuation, rust | 6y exp matches requirement | Strong trajectory"
CAND_0070485,1219,0.6686,"Matches: faiss | Missing: valuation, rust | 6y exp matches requirement | Strong trajectory"
CAND_0000222,1220,0.6685,"Matches: go | Missing: valuation, rust | Over: 11y vs max 9y | Strong trajectory"
CAND_0001669,1221,0.6685,"Missing: valuation, rust | 6y exp matches requirement | Strong trajectory"
CAND_0001878,1222,0.6685,"Matches: go | Missing: valuation, rust | 6y exp matches requirement | Strong trajectory"
CAND_0046223,1223,0.6685,"Matches: rust, computer vision | Missing: valuation, git | 5y exp matches requirement | Strong trajectory"
CAND_0046223,1224,0.6685,"Matches: rust, computer vision | Missing: valuation, git | 5y exp matches requirement | Strong trajectory"
CAND_0047360,1225,0.6685,"Matches: nlp | Missing: valuation, rust | 7y exp matches requirement | Strong trajectory"
CAND_0047360,1226,0.6685,"Matches: nlp | Missing: valuation, rust | 7y exp matches requirement | Strong trajectory"
CAND_0001423,1227,0.6684,"Matches: faiss | Missing: valuation, rust | Below: 4y vs 5y needed | Strong trajectory"
CAND_0003861,1228,0.6684,"Matches: rust | Missing: valuation, git | Below: 5y vs 5y needed | Strong trajectory | Active candidate"
CAND_0032652,1229,0.6684,"Missing: valuation, rust | 5y exp matches requirement | Strong trajectory"
CAND_0032652,1230,0.6684,"Missing: valuation, rust | 5y exp matches requirement | Strong trajectory"
CAND_0089195,1231,0.6684,"Matches: langchain, python | Missing: valuation, rust | Below: 4y vs 5y needed | Strong trajectory"
CAND_0089195,1232,0.6684,"Matches: langchain, python | Missing: valuation, rust | Below: 4y vs 5y needed | Strong trajectory"
CAND_0000705,1233,0.6684,"Matches: computer vision, nlp | Missing: valuation, rust | Below: 4y vs 5y needed | Strong trajectory | Active candidate"
CAND_0000705,1234,0.6684,"Matches: computer vision, nlp | Missing: valuation, rust | Below: 4y vs 5y needed | Strong trajectory | Active candidate"
CAND_0000211,1235,0.6683,"Matches: faiss | Missing: valuation, rust | 5y exp matches requirement | Strong trajectory"
CAND_0003141,1236,0.6683,"Missing: valuation, rust | Over: 10y vs max 9y | Strong trajectory"
CAND_0003854,1237,0.6683,"Missing: valuation, rust | 6y exp matches requirement | Strong trajectory"
CAND_0003756,1238,0.6683,"Missing: valuation, rust | 6y exp matches requirement | Strong trajectory"
CAND_0003756,1239,0.6683,"Missing: valuation, rust | 6y exp matches requirement | Strong trajectory"
CAND_0017771,1240,0.6682,"Matches: computer vision, go | Missing: valuation, rust | 8y exp matches requirement | Strong trajectory"
CAND_0017771,1241,0.6682,"Matches: computer vision, go | Missing: valuation, rust | 8y exp matches requirement | Strong trajectory"
CAND_0000785,1242,0.6681,"Missing: valuation, rust | 5y exp matches requirement | Strong trajectory"
CAND_0058144,1243,0.6681,"Matches: faiss, langchain | Missing: valuation, rust | 7y exp matches requirement | Strong trajectory"
CAND_0058144,1244,0.6681,"Matches: faiss, langchain | Missing: valuation, rust | 7y exp matches requirement | Strong trajectory"
CAND_0000190,1245,0.668,"Missing: valuation, rust | Below: 4y vs 5y needed | Strong trajectory"
CAND_0002736,1246,0.668,"Matches: nlp | Missing: valuation, rust | 5y exp matches requirement | Strong trajectory"
CAND_0003311,1247,0.668,"Matches: rust | Missing: valuation, git | 6y exp matches requirement | Strong trajectory"
CAND_0003680,1248,0.668,"Matches: computer vision | Missing: valuation, rust | 8y exp matches requirement | Strong trajectory"
CAND_0003680,1249,0.668,"Matches: computer vision | Missing: valuation, rust | 8y exp matches requirement | Strong trajectory"
CAND_0061475,1250,0.668,"Matches: faiss, langchain | Missing: valuation, rust | Below: 4y vs 5y needed | Strong trajectory"
CAND_0061475,1251,0.668,"Matches: faiss, langchain | Missing: valuation, rust | Below: 4y vs 5y needed | Strong trajectory"
CAND_0007914,1252,0.668,"Matches: rust, computer vision | Missing: valuation, git | 5y exp matches requirement | Strong trajectory"
CAND_0007914,1253,0.668,"Matches: rust, computer vision | Missing: valuation, git | 5y exp matches requirement | Strong trajectory"
CAND_0001840,1254,0.6679,"Missing: valuation, rust | 6y exp matches requirement | Strong trajectory"
CAND_0000716,1255,0.6679,"Missing: valuation, rust | 5y exp matches requirement | Strong trajectory"
CAND_0001676,1256,0.6679,"Matches: computer vision, go | Missing: valuation, rust | Over: 15y vs max 9y | Strong trajectory"
CAND_0002846,1257,0.6679,"Missing: valuation, rust | 8y exp matches requirement | Strong trajectory"
CAND_0085857,1258,0.6679,"Missing: valuation, rust | 8y exp matches requirement | Strong trajectory"
CAND_0085857,1259,0.6679,"Missing: valuation, rust | 8y exp matches requirement | Strong trajectory"
CAND_0011925,1260,0.6679,"Matches: go | Missing: valuation, rust | 5y exp matches requirement | Strong trajectory | Active candidate"
CAND_0011925,1261,0.6679,"Matches: go | Missing: valuation, rust | 5y exp matches requirement | Strong trajectory | Active candidate"
CAND_0000082,1262,0.6679,"Matches: faiss, embeddings | Missing: valuation, rust | 7y exp matches requirement | Strong trajectory"
CAND_0045613,1263,0.6679,"Matches: nlp, embeddings | Missing: valuation, rust | 5y exp matches requirement | Strong trajectory"
CAND_0045613,1264,0.6679,"Matches: nlp, embeddings | Missing: valuation, rust | 5y exp matches requirement | Strong trajectory"
CAND_0094123,1265,0.6679,"Missing: valuation, rust | 6y exp matches requirement | Strong trajectory"
CAND_0094123,1266,0.6679,"Missing: valuation, rust | 6y exp matches requirement | Strong trajectory"
CAND_0003337,1267,0.6678,"Matches: faiss | Missing: valuation, rust | 6y exp matches requirement | Strong trajectory"
CAND_0081515,1268,0.6678,"Matches: rust, langchain | Missing: valuation, git | 6y exp matches requirement | Strong trajectory"
CAND_0081515,1269,0.6678,"Matches: rust, langchain | Missing: valuation, git | 6y exp matches requirement | Strong trajectory"
CAND_0005847,1270,0.6678,"Matches: computer vision, go | Missing: valuation, rust | 6y exp matches requirement | Strong trajectory"
CAND_0005847,1271,0.6678,"Matches: computer vision, go | Missing: valuation, rust | 6y exp matches requirement | Strong trajectory"
CAND_0001091,1272,0.6677,"Matches: computer vision, go | Missing: valuation, rust | 6y exp matches requirement | Strong trajectory"
CAND_0004321,1273,0.6677,"Matches: computer vision | Missing: valuation, rust | 7y exp matches requirement | Strong trajectory"
CAND_0002571,1274,0.6677,"Missing: valuation, rust | 8y exp matches requirement | Strong trajectory"
CAND_0016695,1275,0.6677,"Matches: rust, langchain | Missing: valuation, git | 6y exp matches requirement | Strong trajectory"
CAND_0016695,1276,0.6677,"Matches: rust, langchain | Missing: valuation, git | 6y exp matches requirement | Strong trajectory"
CAND_0069581,1277,0.6677,"Matches: langchain | Missing: valuation, rust | 5y exp matches requirement | Strong trajectory | Active candidate"
CAND_0069581,1278,0.6677,"Matches: langchain | Missing: valuation, rust | 5y exp matches requirement | Strong trajectory | Active candidate"
CAND_0004673,1279,0.6676,"Matches: faiss, langchain | Missing: valuation, rust | Over: 12y vs max 9y | Strong trajectory"
CAND_0002672,1280,0.6676,"Matches: go | Missing: valuation, rust | 6y exp matches requirement | Strong trajectory"
CAND_0002969,1281,0.6676,"Matches: computer vision, python | Missing: valuation, rust | 7y exp matches requirement | Strong trajectory"
CAND_0002969,1282,0.6676,"Matches: computer vision, python | Missing: valuation, rust | 7y exp matches requirement | Strong trajectory"
CAND_0071505,1283,0.6676,"Matches: computer vision, langchain | Missing: valuation, rust | Below: 4y vs 5y needed | Strong trajectory"
CAND_0071505,1284,0.6676,"Matches: computer vision, langchain | Missing: valuation, rust | Below: 4y vs 5y needed | Strong trajectory"
CAND_0002371,1285,0.6675,"Matches: rust | Missing: valuation, git | Below: 4y vs 5y needed | Strong trajectory | Active candidate"
CAND_0000520,1286,0.6675,"Matches: computer vision | Missing: valuation, rust | 9y exp matches requirement | Strong trajectory"
CAND_0081706,1287,0.6675,"Matches: langchain | Missing: valuation, rust | 6y exp matches requirement | Strong trajectory"
CAND_0081706,1288,0.6675,"Matches: langchain | Missing: valuation, rust | 6y exp matches requirement | Strong trajectory"
CAND_0004031,1289,0.6674,"Matches: rust | Missing: valuation, git | 7y exp matches requirement | Strong trajectory"
CAND_0000978,1290,0.6674,"Matches: faiss | Missing: valuation, rust | Below: 4y vs 5y needed | Strong trajectory"
CAND_0001931,1291,0.6674,"Missing: valuation, rust | 8y exp matches requirement | Strong trajectory"
CAND_0085222,1292,0.6674,"Matches: go | Missing: valuation, rust | 6y exp matches requirement | Strong trajectory"
CAND_0085222,1293,0.6674,"Matches: go | Missing: valuation, rust | 6y exp matches requirement | Strong trajectory"
CAND_0002788,1294,0.6673,"Missing: valuation, rust | Over: 13y vs max 9y | Strong trajectory | Active candidate"
CAND_0002570,1295,0.6673,"Matches: rust | Missing: valuation, git | 7y exp matches requirement | Strong trajectory"
CAND_0075489,1296,0.6673,"Matches: nlp | Missing: valuation, rust | 6y exp matches requirement | Strong trajectory"
CAND_0075489,1297,0.6673,"Matches: nlp | Missing: valuation, rust | 6y exp matches requirement | Strong trajectory"
CAND_0000236,1298,0.6672,"Missing: valuation, rust | Over: 10y vs max 9y | Strong trajectory"
CAND_0001872,1299,0.6672,"Matches: rust | Missing: valuation, git | 8y exp matches requirement | Strong trajectory"
CAND_0018564,1300,0.6672,"Matches: go | Missing: valuation, rust | 5y exp matches requirement | Strong trajectory"
CAND_0018564,1301,0.6672,"Matches: go | Missing: valuation, rust | 5y exp matches requirement | Strong trajectory"
CAND_0006430,1302,0.6672,"Matches: rust | Missing: valuation, git | 7y exp matches requirement | Strong trajectory"
CAND_0006430,1303,0.6672,"Matches: rust | Missing: valuation, git | 7y exp matches requirement | Strong trajectory"
CAND_0001446,1304,0.6671,"Matches: rust | Missing: valuation, git | 6y exp matches requirement | Strong trajectory"
CAND_0003082,1305,0.6671,"Matches: python | Missing: valuation, rust | 8y exp matches requirement | Strong trajectory"
CAND_0003189,1306,0.667,"Matches: faiss, langchain | Missing: valuation, rust | 8y exp matches requirement | Strong trajectory"
CAND_0003258,1307,0.667,"Missing: valuation, rust | Below: 5y vs 5y needed | Strong trajectory"
CAND_0004147,1308,0.667,"Matches: embeddings | Missing: valuation, rust | 8y exp matches requirement | Strong trajectory"
CAND_0002458,1309,0.667,"Missing: valuation, rust | 8y exp matches requirement | Strong trajectory"
CAND_0000097,1310,0.6669,"Matches: faiss | Missing: valuation, rust | 6y exp matches requirement | Strong trajectory"
CAND_0002852,1311,0.6669,"Missing: valuation, rust | 6y exp matches requirement | Strong trajectory"
CAND_0004121,1312,0.6669,"Matches: langchain | Missing: valuation, rust | Below: 3y vs 5y needed | Strong trajectory"
CAND_0006024,1313,0.6669,"Matches: rust | Missing: valuation, git | 6y exp matches requirement | Strong trajectory"
CAND_0006024,1314,0.6669,"Matches: rust | Missing: valuation, git | 6y exp matches requirement | Strong trajectory"
CAND_0088049,1315,0.6669,"Matches: embeddings | Missing: valuation, rust | 6y exp matches requirement | Strong trajectory"
CAND_0088049,1316,0.6669,"Matches: embeddings | Missing: valuation, rust | 6y exp matches requirement | Strong trajectory"
CAND_0018539,1317,0.6669,"Missing: valuation, rust | 8y exp matches requirement | Strong trajectory | Active candidate"
CAND_0018539,1318,0.6669,"Missing: valuation, rust | 8y exp matches requirement | Strong trajectory | Active candidate"
CAND_0002071,1319,0.6668,"Matches: rust, computer vision | Missing: valuation, git | Over: 13y vs max 9y | Strong trajectory"
CAND_0003373,1320,0.6668,"Missing: valuation, rust | 8y exp matches requirement | Strong trajectory"
CAND_0004065,1321,0.6668,"Matches: rust | Missing: valuation, git | 9y exp matches requirement | Strong trajectory"
CAND_0032584,1322,0.6668,"Missing: valuation, rust | 8y exp matches requirement | Strong trajectory | Active candidate"
CAND_0032584,1323,0.6668,"Missing: valuation, rust | 8y exp matches requirement | Strong trajectory | Active candidate"
CAND_0004481,1324,0.6667,"Matches: rust | Missing: valuation, git | 7y exp matches requirement | Strong trajectory"
CAND_0003330,1325,0.6667,"Matches: rust, go | Missing: valuation, git | 5y exp matches requirement | Strong trajectory"
CAND_0000719,1326,0.6667,"Matches: faiss, computer vision | Missing: valuation, rust | 9y exp matches requirement | Strong trajectory"
CAND_0017075,1327,0.6667,"Matches: python | Missing: valuation, rust | 6y exp matches requirement | Strong trajectory"
CAND_0017075,1328,0.6667,"Matches: python | Missing: valuation, rust | 6y exp matches requirement | Strong trajectory"
CAND_0058178,1329,0.6667,"Matches: nlp | Missing: valuation, rust | 5y exp matches requirement | Strong trajectory"
CAND_0058178,1330,0.6667,"Matches: nlp | Missing: valuation, rust | 5y exp matches requirement | Strong trajectory"
CAND_0063945,1331,0.6667,"Matches: langchain, embeddings | Missing: valuation, rust | Over: 10y vs max 9y | Strong trajectory"
CAND_0063945,1332,0.6667,"Matches: langchain, embeddings | Missing: valuation, rust | Over: 10y vs max 9y | Strong trajectory"
CAND_0022870,1333,0.6666,"Matches: langchain, python | Missing: valuation, rust | 7y exp matches requirement | Strong trajectory"
CAND_0022870,1334,0.6666,"Matches: langchain, python | Missing: valuation, rust | 7y exp matches requirement | Strong trajectory"
CAND_0002782,1335,0.6665,"Missing: valuation, rust | Over: 11y vs max 9y | Strong trajectory"
CAND_0003792,1336,0.6665,"Missing: valuation, rust | 9y exp matches requirement | Strong trajectory"
CAND_0001196,1337,0.6665,"Missing: valuation, rust | Over: 9y vs max 9y | Strong trajectory"
CAND_0000820,1338,0.6665,"Matches: rust, computer vision | Missing: valuation, git | Below: 2y vs 5y needed | Strong trajectory"
CAND_0002696,1339,0.6663,"Matches: rust, embeddings | Missing: valuation, git | Over: 12y vs max 9y | Strong trajectory"
CAND_0004051,1340,0.6663,"Matches: faiss, langchain | Missing: valuation, rust | Over: 13y vs max 9y | Strong trajectory"
CAND_0014234,1341,0.6663,"Missing: valuation, rust | 5y exp matches requirement | Strong trajectory"
CAND_0014234,1342,0.6663,"Missing: valuation, rust | 5y exp matches requirement | Strong trajectory"
CAND_0002222,1343,0.6662,"Matches: computer vision | Missing: valuation, rust | 5y exp matches requirement | Strong trajectory"
CAND_0001691,1344,0.6661,"Missing: valuation, rust | Over: 11y vs max 9y | Strong trajectory"
CAND_0015668,1345,0.6661,"Matches: python | Missing: valuation, rust | 7y exp matches requirement | Strong trajectory"
CAND_0015668,1346,0.6661,"Matches: python | Missing: valuation, rust | 7y exp matches requirement | Strong trajectory"
CAND_0038099,1347,0.666,"Missing: valuation, rust | 5y exp matches requirement | Strong trajectory"
CAND_0038099,1348,0.666,"Missing: valuation, rust | 5y exp matches requirement | Strong trajectory"
CAND_0004030,1349,0.666,"Missing: valuation, rust | 8y exp matches requirement | Strong trajectory"
CAND_0003067,1350,0.6659,"Matches: langchain, embeddings | Missing: valuation, rust | Below: 4y vs 5y needed | Strong trajectory"
CAND_0000493,1351,0.6659,"Missing: valuation, rust | 6y exp matches requirement | Strong trajectory"
CAND_0002409,1352,0.6658,"Missing: valuation, rust | 5y exp matches requirement | Strong trajectory"
CAND_0033842,1353,0.6658,"Matches: computer vision, nlp | Missing: valuation, rust | 6y exp matches requirement | Strong trajectory"
CAND_0033842,1354,0.6658,"Matches: computer vision, nlp | Missing: valuation, rust | 6y exp matches requirement | Strong trajectory"
CAND_0002446,1355,0.6657,"Missing: valuation, rust | 5y exp matches requirement | Strong trajectory"
CAND_0000095,1356,0.6657,"Missing: valuation, rust | 7y exp matches requirement | Strong trajectory"
CAND_0000134,1357,0.6657,"Missing: valuation, rust | 9y exp matches requirement | Strong trajectory"
CAND_0077424,1358,0.6657,"Matches: faiss, langchain | Missing: valuation, rust | Over: 14y vs max 9y | Strong trajectory"
CAND_0077424,1359,0.6657,"Matches: faiss, langchain | Missing: valuation, rust | Over: 14y vs max 9y | Strong trajectory"
CAND_0050200,1360,0.6657,"Matches: rust, langchain | Missing: valuation, git | Over: 14y vs max 9y | Strong trajectory"
CAND_0050200,1361,0.6657,"Matches: rust, langchain | Missing: valuation, git | Over: 14y vs max 9y | Strong trajectory"
CAND_0004212,1362,0.6656,"Matches: go | Missing: valuation, rust | Over: 11y vs max 9y | Strong trajectory | Active candidate"
CAND_0001144,1363,0.6656,"Matches: nlp | Missing: valuation, rust | Over: 9y vs max 9y | Strong trajectory"
CAND_0004044,1364,0.6656,"Matches: langchain | Missing: valuation, rust | 8y exp matches requirement | Strong trajectory"
CAND_0073879,1365,0.6656,"Matches: rust | Missing: valuation, git | Below: 4y vs 5y needed | Strong trajectory | Active candidate"
CAND_0073879,1366,0.6656,"Matches: rust | Missing: valuation, git | Below: 4y vs 5y needed | Strong trajectory | Active candidate"
CAND_0002781,1367,0.6656,"Matches: computer vision, go | Missing: valuation, rust | 8y exp matches requirement | Strong trajectory"
CAND_0064116,1368,0.6656,"Missing: valuation, rust | 6y exp matches requirement | Strong trajectory"
CAND_0064116,1369,0.6656,"Missing: valuation, rust | 6y exp matches requirement | Strong trajectory"
CAND_0075604,1370,0.6656,"Matches: computer vision, langchain | Missing: valuation, rust | 8y exp matches requirement | Strong trajectory"
CAND_0075604,1371,0.6656,"Matches: computer vision, langchain | Missing: valuation, rust | 8y exp matches requirement | Strong trajectory"
CAND_0004423,1372,0.6655,"Missing: valuation, rust | 8y exp matches requirement | Strong trajectory"
CAND_0029996,1373,0.6655,"Matches: langchain, embeddings | Missing: valuation, rust | 8y exp matches requirement | Strong trajectory"
CAND_0029996,1374,0.6655,"Matches: langchain, embeddings | Missing: valuation, rust | 8y exp matches requirement | Strong trajectory"
CAND_0048910,1375,0.6655,"Matches: rust, python | Missing: valuation, git | 8y exp matches requirement | Strong trajectory"
CAND_0048910,1376,0.6655,"Matches: rust, python | Missing: valuation, git | 8y exp matches requirement | Strong trajectory"
CAND_0000389,1377,0.6654,"Matches: faiss, embeddings | Missing: valuation, rust | 5y exp matches requirement | Strong trajectory"
CAND_0001655,1378,0.6654,"Matches: rust, go | Missing: valuation, git | 8y exp matches requirement | Strong trajectory"
CAND_0002171,1379,0.6654,"Missing: valuation, rust | 8y exp matches requirement | Strong trajectory"
CAND_0004105,1380,0.6654,"Matches: rust | Missing: valuation, git | 5y exp matches requirement | Strong trajectory"
CAND_0004666,1381,0.6654,"Matches: go | Missing: valuation, rust | 6y exp matches requirement | Strong trajectory | Active candidate"
CAND_0003598,1382,0.6654,"Missing: valuation, rust | Below: 4y vs 5y needed | Strong trajectory"
CAND_0004361,1383,0.6653,"Matches: embeddings | Missing: valuation, rust | Over: 9y vs max 9y | Strong trajectory"
CAND_0003753,1384,0.6653,"Matches: computer vision, go | Missing: valuation, rust | Over: 13y vs max 9y | Strong trajectory"
CAND_0003754,1385,0.6653,"Matches: rust, go | Missing: valuation, git | 8y exp matches requirement | Strong trajectory"
CAND_0000336,1386,0.6653,"Matches: rust, computer vision | Missing: valuation, git | Below: 5y vs 5y needed | Strong trajectory"
CAND_0002610,1387,0.6653,"Missing: valuation, rust | Below: 3y vs 5y needed | Strong trajectory"
CAND_0046935,1388,0.6653,"Matches: rust | Missing: valuation, git | 8y exp matches requirement | Strong trajectory"
CAND_0046935,1389,0.6653,"Matches: rust | Missing: valuation, git | 8y exp matches requirement | Strong trajectory"
CAND_0092961,1390,0.6653,"Matches: faiss | Missing: valuation, rust | 8y exp matches requirement | Strong trajectory"
CAND_0092961,1391,0.6653,"Matches: faiss | Missing: valuation, rust | 8y exp matches requirement | Strong trajectory"
CAND_0002001,1392,0.6652,"Matches: rust | Missing: valuation, git | 8y exp matches requirement | Strong trajectory"
CAND_0002657,1393,0.6651,"Matches: faiss, langchain | Missing: valuation, rust | 6y exp matches requirement | Strong trajectory"
CAND_0000210,1394,0.665,"Matches: computer vision, langchain | Missing: valuation, rust | 6y exp matches requirement | Strong trajectory"
CAND_0004447,1395,0.665,"Matches: rust | Missing: valuation, git | Over: 9y vs max 9y | Strong trajectory"
CAND_0000951,1396,0.665,"Missing: valuation, rust | 8y exp matches requirement | Strong trajectory"
CAND_0001028,1397,0.665,"Matches: langchain, go | Missing: valuation, rust | Below: 4y vs 5y needed | Strong trajectory"
CAND_0001128,1398,0.665,"Matches: python | Missing: valuation, rust | 6y exp matches requirement | Strong trajectory"
CAND_0003866,1399,0.6649,"Missing: valuation, rust | 9y exp matches requirement | Strong trajectory"
CAND_0000600,1400,0.6649,"Matches: computer vision, python | Missing: valuation, rust | Below: 4y vs 5y needed | Strong trajectory"
CAND_0002841,1401,0.6649,"Matches: langchain | Missing: valuation, rust | Over: 10y vs max 9y | Strong trajectory"
CAND_0003617,1402,0.6649,"Matches: python | Missing: valuation, rust | 6y exp matches requirement | Strong trajectory"
CAND_0000200,1403,0.6649,"Matches: faiss | Missing: valuation, rust | Below: 4y vs 5y needed | Strong trajectory"
CAND_0064969,1404,0.6649,"Matches: embeddings | Missing: valuation, rust | 6y exp matches requirement | Strong trajectory | Active candidate"
CAND_0064969,1405,0.6649,"Matches: embeddings | Missing: valuation, rust | 6y exp matches requirement | Strong trajectory | Active candidate"
CAND_0004639,1406,0.6648,"Matches: rust | Missing: valuation, git | Over: 11y vs max 9y | Strong trajectory"
CAND_0001760,1407,0.6648,"Matches: go | Missing: valuation, rust | 8y exp matches requirement | Strong trajectory"
CAND_0001441,1408,0.6648,"Missing: valuation, rust | 6y exp matches requirement | Strong trajectory"
CAND_0071917,1409,0.6648,"Matches: rust, computer vision | Missing: valuation, git | 8y exp matches requirement | Strong trajectory"
CAND_0071917,1410,0.6648,"Matches: rust, computer vision | Missing: valuation, git | 8y exp matches requirement | Strong trajectory"
CAND_0083534,1411,0.6648,"Matches: computer vision | Missing: valuation, rust | 6y exp matches requirement | Strong trajectory"
CAND_0083534,1412,0.6648,"Matches: computer vision | Missing: valuation, rust | 6y exp matches requirement | Strong trajectory"
CAND_0021100,1413,0.6648,"Missing: valuation, rust | 7y exp matches requirement | Strong trajectory"
CAND_0021100,1414,0.6648,"Missing: valuation, rust | 7y exp matches requirement | Strong trajectory"
CAND_0076412,1415,0.6648,"Matches: computer vision, python | Missing: valuation, rust | 6y exp matches requirement | Strong trajectory"
CAND_0076412,1416,0.6648,"Matches: computer vision, python | Missing: valuation, rust | 6y exp matches requirement | Strong trajectory"
CAND_0003728,1417,0.6647,"Matches: go | Missing: valuation, rust | Over: 13y vs max 9y | Strong trajectory"
CAND_0001101,1418,0.6647,"Missing: valuation, rust | Over: 12y vs max 9y | Strong trajectory"
CAND_0004538,1419,0.6647,"Matches: computer vision | Missing: valuation, rust | Over: 11y vs max 9y | Strong trajectory"
CAND_0002722,1420,0.6647,"Missing: valuation, rust | Below: 5y vs 5y needed | Strong trajectory"
CAND_0000762,1421,0.6647,"Missing: valuation, rust | 7y exp matches requirement | Strong trajectory"
CAND_0051219,1422,0.6647,"Matches: computer vision | Missing: valuation, rust | Below: 4y vs 5y needed | Strong trajectory"
CAND_0051219,1423,0.6647,"Matches: computer vision | Missing: valuation, rust | Below: 4y vs 5y needed | Strong trajectory"
CAND_0002636,1424,0.6647,"Matches: computer vision | Missing: valuation, rust | 8y exp matches requirement | Strong trajectory"
CAND_0044023,1425,0.6647,"Matches: langchain, embeddings | Missing: valuation, rust | Over: 10y vs max 9y | Strong trajectory"
CAND_0044023,1426,0.6647,"Matches: langchain, embeddings | Missing: valuation, rust | Over: 10y vs max 9y | Strong trajectory"
CAND_0093385,1427,0.6647,"Matches: computer vision | Missing: valuation, rust | 6y exp matches requirement | Strong trajectory"
CAND_0093385,1428,0.6647,"Matches: computer vision | Missing: valuation, rust | 6y exp matches requirement | Strong trajectory"
CAND_0052818,1429,0.6647,"Missing: valuation, rust | 6y exp matches requirement | Strong trajectory"
CAND_0052818,1430,0.6647,"Missing: valuation, rust | 6y exp matches requirement | Strong trajectory"
CAND_0070043,1431,0.6647,"Matches: rust, embeddings | Missing: valuation, git | 6y exp matches requirement | Strong trajectory"
CAND_0070043,1432,0.6647,"Matches: rust, embeddings | Missing: valuation, git | 6y exp matches requirement | Strong trajectory"
CAND_0061358,1433,0.6646,"Matches: rust | Missing: valuation, git | Below: 4y vs 5y needed | Strong trajectory | Active candidate"
CAND_0061358,1434,0.6646,"Matches: rust | Missing: valuation, git | Below: 4y vs 5y needed | Strong trajectory | Active candidate"
CAND_0001716,1435,0.6645,"Missing: valuation, rust | Below: 5y vs 5y needed | Strong trajectory"
CAND_0048904,1436,0.6645,"Missing: valuation, rust | 8y exp matches requirement | Strong trajectory"
CAND_0048904,1437,0.6645,"Missing: valuation, rust | 8y exp matches requirement | Strong trajectory"
CAND_0040310,1438,0.6644,"Missing: valuation, rust | Below: 5y vs 5y needed | Strong trajectory"
CAND_0040310,1439,0.6644,"Missing: valuation, rust | Below: 5y vs 5y needed | Strong trajectory"
CAND_0003378,1440,0.6644,"Matches: go | Missing: valuation, rust | 9y exp matches requirement | Strong trajectory | Active candidate"
CAND_0025391,1441,0.6643,"Matches: computer vision | Missing: valuation, rust | 5y exp matches requirement | Strong trajectory"
CAND_0025391,1442,0.6643,"Matches: computer vision | Missing: valuation, rust | 5y exp matches requirement | Strong trajectory"
CAND_0088244,1443,0.6643,"Matches: rust | Missing: valuation, git | 7y exp matches requirement | Strong trajectory"
CAND_0088244,1444,0.6643,"Matches: rust | Missing: valuation, git | 7y exp matches requirement | Strong trajectory"
CAND_0011947,1445,0.6643,"Missing: valuation, rust | 6y exp matches requirement | Strong trajectory"
CAND_0011947,1446,0.6643,"Missing: valuation, rust | 6y exp matches requirement | Strong trajectory"
CAND_0001064,1447,0.6642,"Missing: valuation, rust | Over: 11y vs max 9y | Strong trajectory"
CAND_0004215,1448,0.6642,"Missing: valuation, rust | 8y exp matches requirement | Strong trajectory"
CAND_0001795,1449,0.6642,"Missing: valuation, rust | Over: 9y vs max 9y | Strong trajectory"
CAND_0017542,1450,0.6642,"Matches: rust, faiss | Missing: valuation, git | Over: 9y vs max 9y | Strong trajectory"
CAND_0017542,1451,0.6642,"Matches: rust, faiss | Missing: valuation, git | Over: 9y vs max 9y | Strong trajectory"
CAND_0001027,1452,0.6641,"Matches: rust | Missing: valuation, git | Over: 9y vs max 9y | Strong trajectory"
CAND_0001157,1453,0.6641,"Missing: valuation, rust | 5y exp matches requirement | Strong trajectory"
CAND_0001272,1454,0.6641,"Missing: valuation, rust | Over: 10y vs max 9y | Strong trajectory"
CAND_0068709,1455,0.6641,"Matches: nlp | Missing: valuation, rust | Below: 4y vs 5y needed | Strong trajectory"
CAND_0068709,1456,0.6641,"Matches: nlp | Missing: valuation, rust | Below: 4y vs 5y needed | Strong trajectory"
CAND_0054374,1457,0.664,"Matches: computer vision | Missing: valuation, rust | Below: 4y vs 5y needed | Strong trajectory"
CAND_0054374,1458,0.664,"Matches: computer vision | Missing: valuation, rust | Below: 4y vs 5y needed | Strong trajectory"
CAND_0004098,1459,0.6639,"Matches: rust, computer vision | Missing: valuation, git | Below: 4y vs 5y needed | Strong trajectory"
CAND_0004023,1460,0.6639,"Missing: valuation, rust | 6y exp matches requirement | Strong trajectory"
CAND_0004052,1461,0.6639,"Missing: valuation, rust | Over: 9y vs max 9y | Strong trajectory"
CAND_0050321,1462,0.6639,"Matches: computer vision, embeddings | Missing: valuation, rust | 6y exp matches requirement | Strong trajectory"
CAND_0050321,1463,0.6639,"Matches: computer vision, embeddings | Missing: valuation, rust | 6y exp matches requirement | Strong trajectory"
CAND_0054435,1464,0.6639,"Matches: computer vision | Missing: valuation, rust | Below: 5y vs 5y needed | Strong trajectory"
CAND_0054435,1465,0.6639,"Matches: computer vision | Missing: valuation, rust | Below: 5y vs 5y needed | Strong trajectory"
CAND_0004878,1466,0.6638,"Matches: rust | Missing: valuation, git | 5y exp matches requirement | Strong trajectory"
CAND_0000127,1467,0.6638,"Matches: computer vision, python | Missing: valuation, rust | 7y exp matches requirement | Strong trajectory"
CAND_0028460,1468,0.6638,"Missing: valuation, rust | 5y exp matches requirement | Strong trajectory"
CAND_0028460,1469,0.6638,"Missing: valuation, rust | 5y exp matches requirement | Strong trajectory"
CAND_0098540,1470,0.6638,"Matches: computer vision, embeddings | Missing: valuation, rust | Below: 4y vs 5y needed | Strong trajectory"
CAND_0098540,1471,0.6638,"Matches: computer vision, embeddings | Missing: valuation, rust | Below: 4y vs 5y needed | Strong trajectory"
CAND_0003183,1472,0.6637,"Matches: faiss, langchain | Missing: valuation, rust | Over: 13y vs max 9y | Strong trajectory"
CAND_0002328,1473,0.6637,"Missing: valuation, rust | 6y exp matches requirement | Strong trajectory"
CAND_0004369,1474,0.6637,"Matches: python | Missing: valuation, rust | 7y exp matches requirement | Strong trajectory"
CAND_0004873,1475,0.6637,"Matches: rust, langchain | Missing: valuation, git | Over: 10y vs max 9y | Strong trajectory"
CAND_0011924,1476,0.6637,"Matches: rust | Missing: valuation, git | 6y exp matches requirement | Strong trajectory"
CAND_0011924,1477,0.6637,"Matches: rust | Missing: valuation, git | 6y exp matches requirement | Strong trajectory"
CAND_0087997,1478,0.6637,"Matches: rust | Missing: valuation, git | 7y exp matches requirement | Strong trajectory"
CAND_0087997,1479,0.6637,"Matches: rust | Missing: valuation, git | 7y exp matches requirement | Strong trajectory"
CAND_0000874,1480,0.6636,"Matches: langchain, embeddings | Missing: valuation, rust | 6y exp matches requirement | Strong trajectory"
CAND_0000874,1481,0.6636,"Matches: langchain, embeddings | Missing: valuation, rust | 6y exp matches requirement | Strong trajectory"
CAND_0076035,1482,0.6636,"Missing: valuation, rust | 7y exp matches requirement | Strong trajectory"
CAND_0076035,1483,0.6636,"Missing: valuation, rust | 7y exp matches requirement | Strong trajectory"
CAND_0001672,1484,0.6636,"Matches: langchain | Missing: valuation, rust | 5y exp matches requirement | Strong trajectory"
CAND_0001672,1485,0.6636,"Matches: langchain | Missing: valuation, rust | 5y exp matches requirement | Strong trajectory"
CAND_0024354,1486,0.6636,"Matches: computer vision | Missing: valuation, rust | 6y exp matches requirement | Strong trajectory"
CAND_0024354,1487,0.6636,"Matches: computer vision | Missing: valuation, rust | 6y exp matches requirement | Strong trajectory"
CAND_0002389,1488,0.6635,"Missing: valuation, rust | 5y exp matches requirement | Strong trajectory"
CAND_0001036,1489,0.6635,"Matches: faiss, go | Missing: valuation, rust | 8y exp matches requirement | Strong trajectory"
CAND_0001708,1490,0.6635,"Matches: python | Missing: valuation, rust | Below: 3y vs 5y needed | Strong trajectory"
CAND_0002619,1491,0.6635,"Missing: valuation, rust | 6y exp matches requirement | Strong trajectory"
CAND_0001638,1492,0.6635,"Matches: rust, computer vision | Missing: valuation, git | 8y exp matches requirement | Strong trajectory"
CAND_0001638,1493,0.6635,"Matches: rust, computer vision | Missing: valuation, git | 8y exp matches requirement | Strong trajectory"
CAND_0063323,1494,0.6635,"Matches: faiss, langchain | Missing: valuation, rust | Over: 12y vs max 9y | Strong trajectory"
CAND_0063323,1495,0.6635,"Matches: faiss, langchain | Missing: valuation, rust | Over: 12y vs max 9y | Strong trajectory"
CAND_0004917,1496,0.6634,"Missing: valuation, rust | 6y exp matches requirement | Strong trajectory"
CAND_0004694,1497,0.6634,"Missing: valuation, rust | Over: 10y vs max 9y | Strong trajectory"
CAND_0001734,1498,0.6634,"Matches: nlp | Missing: valuation, rust | 8y exp matches requirement | Strong trajectory"
CAND_0003009,1499,0.6634,"Missing: valuation, rust | 8y exp matches requirement | Strong trajectory"
CAND_0039919,1500,0.6634,"Matches: faiss, langchain | Missing: valuation, rust | Over: 14y vs max 9y | Strong trajectory"
CAND_0039919,1501,0.6634,"Matches: faiss, langchain | Missing: valuation, rust | Over: 14y vs max 9y | Strong trajectory"
CAND_0049218,1502,0.6634,"Matches: computer vision | Missing: valuation, rust | 7y exp matches requirement | Strong trajectory"
CAND_0049218,1503,0.6634,"Matches: computer vision | Missing: valuation, rust | 7y exp matches requirement | Strong trajectory"
CAND_0080768,1504,0.6634,"Missing: valuation, rust | Below: 5y vs 5y needed | Strong trajectory | Active candidate"
CAND_0080768,1505,0.6634,"Missing: valuation, rust | Below: 5y vs 5y needed | Strong trajectory | Active candidate"
CAND_0000166,1506,0.6633,"Missing: valuation, rust | Below: 5y vs 5y needed | Strong trajectory"
CAND_0003855,1507,0.6633,"Missing: valuation, rust | 8y exp matches requirement | Strong trajectory"
CAND_0000352,1508,0.6633,"Missing: valuation, rust | Below: 5y vs 5y needed | Strong trajectory"
CAND_0001212,1509,0.6633,"Missing: valuation, rust | Below: 5y vs 5y needed | Strong trajectory"
CAND_0004940,1510,0.6633,"Matches: computer vision | Missing: valuation, rust | 8y exp matches requirement | Strong trajectory"
CAND_0003062,1511,0.6633,"Matches: rust, go | Missing: valuation, git | 6y exp matches requirement | Strong trajectory"
CAND_0079550,1512,0.6633,"Matches: python | Missing: valuation, rust | Below: 4y vs 5y needed | Active candidate"
CAND_0079550,1513,0.6633,"Matches: python | Missing: valuation, rust | Below: 4y vs 5y needed | Active candidate"
CAND_0002140,1514,0.6632,"Matches: faiss | Missing: valuation, rust | 6y exp matches requirement | Strong trajectory"
CAND_0002403,1515,0.6632,"Matches: rust, go | Missing: valuation, git | Below: 4y vs 5y needed | Strong trajectory"
CAND_0004488,1516,0.6632,"Missing: valuation, rust | 7y exp matches requirement | Strong trajectory"
CAND_0000307,1517,0.6632,"Matches: computer vision | Missing: valuation, rust | 7y exp matches requirement | Strong trajectory"
CAND_0038944,1518,0.6632,"Matches: go | Missing: valuation, rust | 6y exp matches requirement | Strong trajectory"
CAND_0038944,1519,0.6632,"Matches: go | Missing: valuation, rust | 6y exp matches requirement | Strong trajectory"
CAND_0052923,1520,0.6632,"Missing: valuation, rust | 6y exp matches requirement | Strong trajectory"
CAND_0052923,1521,0.6632,"Missing: valuation, rust | 6y exp matches requirement | Strong trajectory"
CAND_0076800,1522,0.6632,"Matches: rust, computer vision | Missing: valuation, git | Below: 4y vs 5y needed | Strong trajectory"
CAND_0076800,1523,0.6632,"Matches: rust, computer vision | Missing: valuation, git | Below: 4y vs 5y needed | Strong trajectory"
CAND_0032914,1524,0.6632,"Matches: nlp | Missing: valuation, rust | 8y exp matches requirement | Strong trajectory"
CAND_0032914,1525,0.6632,"Matches: nlp | Missing: valuation, rust | 8y exp matches requirement | Strong trajectory"
CAND_0001380,1526,0.6631,"Matches: langchain, embeddings | Missing: valuation, rust | Below: 4y vs 5y needed | Strong trajectory"
CAND_0002559,1527,0.6631,"Missing: valuation, rust | 8y exp matches requirement | Strong trajectory"
CAND_0001731,1528,0.6631,"Missing: valuation, rust | 8y exp matches requirement | Strong trajectory"
CAND_0060357,1529,0.6631,"Missing: valuation, rust | 6y exp matches requirement | Strong trajectory"
CAND_0060357,1530,0.6631,"Missing: valuation, rust | 6y exp matches requirement | Strong trajectory"
CAND_0093374,1531,0.6631,"Matches: langchain, embeddings | Missing: valuation, rust | Over: 12y vs max 9y | Strong trajectory"
CAND_0093374,1532,0.6631,"Matches: langchain, embeddings | Missing: valuation, rust | Over: 12y vs max 9y | Strong trajectory"
CAND_0071369,1533,0.6631,"Matches: langchain, embeddings | Missing: valuation, rust | Over: 10y vs max 9y | Strong trajectory"
CAND_0071369,1534,0.6631,"Matches: langchain, embeddings | Missing: valuation, rust | Over: 10y vs max 9y | Strong trajectory"
CAND_0001271,1535,0.663,"Matches: rust, langchain | Missing: valuation, git | Below: 2y vs 5y needed"
CAND_0002135,1536,0.663,"Missing: valuation, rust | 7y exp matches requirement | Strong trajectory"
CAND_0003864,1537,0.663,"Missing: valuation, rust | Over: 10y vs max 9y | Strong trajectory"
CAND_0001375,1538,0.663,"Missing: valuation, rust | 6y exp matches requirement | Strong trajectory"
CAND_0003491,1539,0.663,"Missing: valuation, rust | Below: 4y vs 5y needed | Strong trajectory"
CAND_0002226,1540,0.663,"Missing: valuation, rust | Below: 4y vs 5y needed | Strong trajectory"
CAND_0092676,1541,0.663,"Matches: computer vision, nlp | Missing: valuation, rust | Below: 5y vs 5y needed | Strong trajectory"
CAND_0092676,1542,0.663,"Matches: computer vision, nlp | Missing: valuation, rust | Below: 5y vs 5y needed | Strong trajectory"
CAND_0027218,1543,0.663,"Missing: valuation, rust | Below: 5y vs 5y needed | Strong trajectory"
CAND_0027218,1544,0.663,"Missing: valuation, rust | Below: 5y vs 5y needed | Strong trajectory"
CAND_0068809,1545,0.663,"Missing: valuation, rust | 8y exp matches requirement | Strong trajectory"
CAND_0068809,1546,0.663,"Missing: valuation, rust | 8y exp matches requirement | Strong trajectory"
CAND_0035864,1547,0.663,"Matches: rust, python | Missing: valuation, git | 8y exp matches requirement | Strong trajectory"
CAND_0035864,1548,0.663,"Matches: rust, python | Missing: valuation, git | 8y exp matches requirement | Strong trajectory"
CAND_0003704,1549,0.6629,"Matches: rust | Missing: valuation, git | 7y exp matches requirement | Strong trajectory"
CAND_0002579,1550,0.6629,"Missing: valuation, rust | 6y exp matches requirement | Strong trajectory"
CAND_0091552,1551,0.6629,"Matches: langchain | Missing: valuation, rust | 8y exp matches requirement | Strong trajectory | Active candidate"
CAND_0091552,1552,0.6629,"Matches: langchain | Missing: valuation, rust | 8y exp matches requirement | Strong trajectory | Active candidate"
CAND_0001037,1553,0.6628,"Matches: rust | Missing: valuation, git | 9y exp matches requirement | Strong trajectory"
CAND_0000390,1554,0.6628,"Matches: python | Missing: valuation, rust | 7y exp matches requirement | Strong trajectory"
CAND_0002844,1555,0.6628,"Matches: go | Missing: valuation, rust | 9y exp matches requirement | Strong trajectory"
CAND_0001039,1556,0.6628,"Matches: go | Missing: valuation, rust | Over: 13y vs max 9y | Strong trajectory"
CAND_0004532,1557,0.6627,"Missing: valuation, rust | 9y exp matches requirement | Strong trajectory"
CAND_0057927,1558,0.6627,"Missing: valuation, rust | 7y exp matches requirement | Strong trajectory"
CAND_0057927,1559,0.6627,"Missing: valuation, rust | 7y exp matches requirement | Strong trajectory"
CAND_0007334,1560,0.6627,"Matches: rust, go | Missing: valuation, git | 7y exp matches requirement | Strong trajectory"
CAND_0007334,1561,0.6627,"Matches: rust, go | Missing: valuation, git | 7y exp matches requirement | Strong trajectory"
CAND_0051841,1562,0.6626,"Matches: rust | Missing: valuation, git | 6y exp matches requirement | Strong trajectory"
CAND_0051841,1563,0.6626,"Matches: rust | Missing: valuation, git | 6y exp matches requirement | Strong trajectory"
CAND_0045041,1564,0.6626,"Missing: valuation, rust | Below: 4y vs 5y needed | Strong trajectory"
CAND_0045041,1565,0.6626,"Missing: valuation, rust | Below: 4y vs 5y needed | Strong trajectory"
CAND_0027651,1566,0.6626,"Matches: faiss, langchain | Missing: valuation, rust | Over: 11y vs max 9y | Strong trajectory"
CAND_0027651,1567,0.6626,"Matches: faiss, langchain | Missing: valuation, rust | Over: 11y vs max 9y | Strong trajectory"
CAND_0001449,1568,0.6625,"Missing: valuation, rust | Over: 11y vs max 9y | Strong trajectory"
CAND_0067852,1569,0.6625,"Matches: nlp, langchain | Missing: valuation, rust | Below: 5y vs 5y needed | Strong trajectory"
CAND_0067852,1570,0.6625,"Matches: nlp, langchain | Missing: valuation, rust | Below: 5y vs 5y needed | Strong trajectory"
CAND_0082906,1571,0.6625,"Matches: computer vision | Missing: valuation, rust | 6y exp matches requirement | Strong trajectory"
CAND_0082906,1572,0.6625,"Matches: computer vision | Missing: valuation, rust | 6y exp matches requirement | Strong trajectory"
CAND_0004178,1573,0.6624,"Matches: computer vision | Missing: valuation, rust | Below: 5y vs 5y needed | Strong trajectory"
CAND_0002028,1574,0.6624,"Missing: valuation, rust | 7y exp matches requirement | Strong trajectory"
CAND_0000892,1575,0.6624,"Missing: valuation, rust | 6y exp matches requirement | Strong trajectory"
CAND_0003572,1576,0.6624,"Matches: faiss | Missing: valuation, rust | 8y exp matches requirement | Strong trajectory"
CAND_0004520,1577,0.6624,"Missing: valuation, rust | 7y exp matches requirement | Strong trajectory"
CAND_0002154,1578,0.6623,"Matches: langchain | Missing: valuation, rust | Over: 12y vs max 9y | Strong trajectory"
CAND_0003310,1579,0.6623,"Matches: rust, faiss | Missing: valuation, git | Below: 1y vs 5y needed"
CAND_0001218,1580,0.6623,"Matches: nlp | Missing: valuation, rust | 6y exp matches requirement | Strong trajectory"
CAND_0003279,1581,0.6623,"Missing: valuation, rust | 8y exp matches requirement | Strong trajectory"
CAND_0002876,1582,0.6623,"Missing: valuation, rust | 6y exp matches requirement | Strong trajectory"
CAND_0002876,1583,0.6623,"Missing: valuation, rust | 6y exp matches requirement | Strong trajectory"
CAND_0072765,1584,0.6623,"Matches: langchain | Missing: valuation, rust | 7y exp matches requirement | Strong trajectory"
CAND_0072765,1585,0.6623,"Matches: langchain | Missing: valuation, rust | 7y exp matches requirement | Strong trajectory"
CAND_0068843,1586,0.6623,"Matches: faiss, langchain | Missing: valuation, rust | 5y exp matches requirement | Strong trajectory"
CAND_0068843,1587,0.6623,"Matches: faiss, langchain | Missing: valuation, rust | 5y exp matches requirement | Strong trajectory"
CAND_0082847,1588,0.6623,"Matches: nlp, go | Missing: valuation, rust | 8y exp matches requirement | Strong trajectory"
CAND_0082847,1589,0.6623,"Matches: nlp, go | Missing: valuation, rust | 8y exp matches requirement | Strong trajectory"
CAND_0004567,1590,0.6622,"Matches: langchain, embeddings | Missing: valuation, rust | 8y exp matches requirement | Strong trajectory"
CAND_0063096,1591,0.6622,"Matches: rust | Missing: valuation, git | Below: 4y vs 5y needed | Strong trajectory"
CAND_0063096,1592,0.6622,"Matches: rust | Missing: valuation, git | Below: 4y vs 5y needed | Strong trajectory"
CAND_0000201,1593,0.6621,"Matches: langchain, embeddings | Missing: valuation, rust | Over: 14y vs max 9y | Strong trajectory"
CAND_0003497,1594,0.6621,"Matches: rust | Missing: valuation, git | 5y exp matches requirement | Strong trajectory"
CAND_0000599,1595,0.6621,"Missing: valuation, rust | 8y exp matches requirement | Strong trajectory"
CAND_0001150,1596,0.662,"Matches: rust, faiss | Missing: valuation, git | 7y exp matches requirement | Strong trajectory"
CAND_0052706,1597,0.662,"Missing: valuation, rust | 5y exp matches requirement | Strong trajectory"
CAND_0052706,1598,0.662,"Missing: valuation, rust | 5y exp matches requirement | Strong trajectory"
CAND_0012385,1599,0.662,"Missing: valuation, rust | Over: 9y vs max 9y | Strong trajectory"
CAND_0012385,1600,0.662,"Missing: valuation, rust | Over: 9y vs max 9y | Strong trajectory"
CAND_0054189,1601,0.662,"Matches: computer vision | Missing: valuation, rust | Below: 5y vs 5y needed | Strong trajectory"
CAND_0054189,1602,0.662,"Matches: computer vision | Missing: valuation, rust | Below: 5y vs 5y needed | Strong trajectory"
CAND_0049305,1603,0.662,"Missing: valuation, rust | Below: 4y vs 5y needed | Strong trajectory | Active candidate"
CAND_0049305,1604,0.662,"Missing: valuation, rust | Below: 4y vs 5y needed | Strong trajectory | Active candidate"
CAND_0000630,1605,0.6619,"Missing: valuation, rust | 9y exp matches requirement | Strong trajectory"
CAND_0001593,1606,0.6619,"Matches: rust | Missing: valuation, git | 7y exp matches requirement | Strong trajectory"
CAND_0004359,1607,0.6619,"Missing: valuation, rust | 8y exp matches requirement | Strong trajectory"
CAND_0045286,1608,0.6619,"Missing: valuation, rust | Below: 4y vs 5y needed | Strong trajectory"
CAND_0045286,1609,0.6619,"Missing: valuation, rust | Below: 4y vs 5y needed | Strong trajectory"
CAND_0098267,1610,0.6619,"Matches: computer vision | Missing: valuation, rust | Over: 10y vs max 9y | Strong trajectory"
CAND_0098267,1611,0.6619,"Matches: computer vision | Missing: valuation, rust | Over: 10y vs max 9y | Strong trajectory"
CAND_0071691,1612,0.6619,"Matches: rust, langchain | Missing: valuation, git | 6y exp matches requirement | Strong trajectory"
CAND_0071691,1613,0.6619,"Matches: rust, langchain | Missing: valuation, git | 6y exp matches requirement | Strong trajectory"
CAND_0000648,1614,0.6618,"Matches: rust, computer vision | Missing: valuation, git | Over: 10y vs max 9y | Strong trajectory"
CAND_0002586,1615,0.6618,"Matches: nlp | Missing: valuation, rust | Below: 4y vs 5y needed | Strong trajectory"
CAND_0002654,1616,0.6617,"Missing: valuation, rust | 5y exp matches requirement | Strong trajectory"
CAND_0004351,1617,0.6617,"Matches: rust | Missing: valuation, git | 7y exp matches requirement | Strong trajectory"
CAND_0058018,1618,0.6617,"Matches: langchain | Missing: valuation, rust | 5y exp matches requirement | Strong trajectory"
CAND_0058018,1619,0.6617,"Matches: langchain | Missing: valuation, rust | 5y exp matches requirement | Strong trajectory"
CAND_0001834,1620,0.6616,"Missing: valuation, rust | Over: 10y vs max 9y | Strong trajectory"
CAND_0000489,1621,0.6616,"Matches: computer vision, langchain | Missing: valuation, rust | Below: 4y vs 5y needed | Strong trajectory"
CAND_0001945,1622,0.6616,"Missing: valuation, rust | 6y exp matches requirement | Strong trajectory"
CAND_0008517,1623,0.6616,"Missing: valuation, rust | 6y exp matches requirement | Strong trajectory"
CAND_0008517,1624,0.6616,"Missing: valuation, rust | 6y exp matches requirement | Strong trajectory"
CAND_0071668,1625,0.6616,"Matches: rust | Missing: valuation, git | 8y exp matches requirement | Strong trajectory"
CAND_0071668,1626,0.6616,"Matches: rust | Missing: valuation, git | 8y exp matches requirement | Strong trajectory"
CAND_0003962,1627,0.6615,"Matches: rust, faiss | Missing: valuation, git | Over: 13y vs max 9y | Strong trajectory"
CAND_0002113,1628,0.6615,"Matches: langchain, embeddings | Missing: valuation, rust | Over: 13y vs max 9y | Strong trajectory"
CAND_0001388,1629,0.6615,"Matches: python | Missing: valuation, rust | Over: 10y vs max 9y | Strong trajectory"
CAND_0039131,1630,0.6615,"Matches: computer vision | Missing: valuation, rust | 7y exp matches requirement | Strong trajectory"
CAND_0039131,1631,0.6615,"Matches: computer vision | Missing: valuation, rust | 7y exp matches requirement | Strong trajectory"
CAND_0026433,1632,0.6615,"Matches: computer vision | Missing: valuation, rust | 6y exp matches requirement | Strong trajectory"
CAND_0026433,1633,0.6615,"Matches: computer vision | Missing: valuation, rust | 6y exp matches requirement | Strong trajectory"
CAND_0038556,1634,0.6615,"Matches: computer vision | Missing: valuation, rust | 6y exp matches requirement | Strong trajectory"
CAND_0038556,1635,0.6615,"Matches: computer vision | Missing: valuation, rust | 6y exp matches requirement | Strong trajectory"
CAND_0000906,1636,0.6614,"Matches: langchain, embeddings | Missing: valuation, rust | Below: 3y vs 5y needed | Strong trajectory"
CAND_0001596,1637,0.6614,"Missing: valuation, rust | Below: 5y vs 5y needed | Strong trajectory"
CAND_0001153,1638,0.6614,"Matches: go | Missing: valuation, rust | Over: 11y vs max 9y | Strong trajectory"
CAND_0002132,1639,0.6614,"Matches: computer vision | Missing: valuation, rust | 6y exp matches requirement | Strong trajectory"
CAND_0002452,1640,0.6614,"Matches: computer vision, nlp | Missing: valuation, rust | Below: 3y vs 5y needed | Strong trajectory"
CAND_0082738,1641,0.6614,"Matches: computer vision | Missing: valuation, rust | Below: 5y vs 5y needed | Strong trajectory"
CAND_0082738,1642,0.6614,"Matches: computer vision | Missing: valuation, rust | Below: 5y vs 5y needed | Strong trajectory"
CAND_0011759,1643,0.6614,"Matches: go | Missing: valuation, rust | 7y exp matches requirement | Strong trajectory"
CAND_0011759,1644,0.6614,"Matches: go | Missing: valuation, rust | 7y exp matches requirement | Strong trajectory"
CAND_0000864,1645,0.6613,"Matches: go | Missing: valuation, rust | Over: 14y vs max 9y | Strong trajectory"
CAND_0000930,1646,0.6613,"Matches: rust | Missing: valuation, git | 9y exp matches requirement | Strong trajectory"
CAND_0076625,1647,0.6613,"Matches: rust | Missing: valuation, git | 5y exp matches requirement | Strong trajectory"
CAND_0076625,1648,0.6613,"Matches: rust | Missing: valuation, git | 5y exp matches requirement | Strong trajectory"
CAND_0082726,1649,0.6612,"Matches: langchain | Missing: valuation, rust | 6y exp matches requirement | Strong trajectory"
CAND_0082726,1650,0.6612,"Matches: langchain | Missing: valuation, rust | 6y exp matches requirement | Strong trajectory"
CAND_0000944,1651,0.6611,"Matches: langchain | Missing: valuation, rust | Below: 4y vs 5y needed | Strong trajectory"
CAND_0001160,1652,0.6611,"Missing: valuation, rust | Over: 9y vs max 9y | Strong trajectory"
CAND_0004026,1653,0.6611,"Missing: valuation, rust | 5y exp matches requirement | Strong trajectory"
CAND_0001096,1654,0.6611,"Matches: rust, go | Missing: valuation, git | 6y exp matches requirement | Strong trajectory"
CAND_0001329,1655,0.6611,"Matches: faiss, computer vision | Missing: valuation, rust | Over: 9y vs max 9y | Strong trajectory"
CAND_0003631,1656,0.6611,"Missing: valuation, rust | 5y exp matches requirement | Strong trajectory"
CAND_0006419,1657,0.6611,"Matches: computer vision, nlp | Missing: valuation, rust | Below: 3y vs 5y needed | Strong trajectory"
CAND_0006419,1658,0.6611,"Matches: computer vision, nlp | Missing: valuation, rust | Below: 3y vs 5y needed | Strong trajectory"
CAND_0005117,1659,0.6611,"Matches: go | Missing: valuation, rust | 7y exp matches requirement | Strong trajectory | Active candidate"
CAND_0005117,1660,0.6611,"Matches: go | Missing: valuation, rust | 7y exp matches requirement | Strong trajectory | Active candidate"
CAND_0002295,1661,0.661,"Missing: valuation, rust | 6y exp matches requirement | Strong trajectory"
CAND_0072548,1662,0.661,"Missing: valuation, rust | 6y exp matches requirement | Strong trajectory"
CAND_0072548,1663,0.661,"Missing: valuation, rust | 6y exp matches requirement | Strong trajectory"
CAND_0000112,1664,0.661,"Matches: go | Missing: valuation, rust | Below: 4y vs 5y needed | Strong trajectory"
CAND_0000112,1665,0.661,"Matches: go | Missing: valuation, rust | Below: 4y vs 5y needed | Strong trajectory"
CAND_0001141,1666,0.6609,"Missing: valuation, rust | 7y exp matches requirement | Strong trajectory"
CAND_0004408,1667,0.6609,"Missing: valuation, rust | Over: 10y vs max 9y | Strong trajectory"
CAND_0001381,1668,0.6609,"Missing: valuation, rust | Below: 5y vs 5y needed | Strong trajectory"
CAND_0003968,1669,0.6608,"Missing: valuation, rust | Below: 4y vs 5y needed | Strong trajectory"
CAND_0001726,1670,0.6608,"Matches: rust | Missing: valuation, git | Over: 15y vs max 9y | Strong trajectory"
CAND_0002957,1671,0.6608,"Missing: valuation, rust | 6y exp matches requirement | Strong trajectory"
CAND_0003420,1672,0.6608,"Missing: valuation, rust | 7y exp matches requirement | Strong trajectory"
CAND_0004541,1673,0.6608,"Matches: nlp, embeddings | Missing: valuation, rust | Below: 5y vs 5y needed | Strong trajectory"
CAND_0000624,1674,0.6607,"Missing: valuation, rust | 6y exp matches requirement | Strong trajectory"
CAND_0001591,1675,0.6607,"Missing: valuation, rust | 8y exp matches requirement | Strong trajectory"
CAND_0024546,1676,0.6607,"Matches: rust | Missing: valuation, git | Over: 9y vs max 9y | Strong trajectory"
CAND_0024546,1677,0.6607,"Matches: rust | Missing: valuation, git | Over: 9y vs max 9y | Strong trajectory"
CAND_0000319,1678,0.6606,"Missing: valuation, rust | 7y exp matches requirement | Strong trajectory"
CAND_0004797,1679,0.6606,"Missing: valuation, rust | Over: 11y vs max 9y | Strong trajectory"
CAND_0042322,1680,0.6606,"Matches: go, embeddings | Missing: valuation, rust | 7y exp matches requirement | Strong trajectory"
CAND_0042322,1681,0.6606,"Matches: go, embeddings | Missing: valuation, rust | 7y exp matches requirement | Strong trajectory"
CAND_0000328,1682,0.6605,"Missing: valuation, rust | Over: 12y vs max 9y | Strong trajectory"
CAND_0001897,1683,0.6605,"Matches: go | Missing: valuation, rust | Over: 10y vs max 9y | Strong trajectory"
CAND_0003730,1684,0.6605,"Missing: valuation, rust | 9y exp matches requirement | Strong trajectory | Active candidate"
CAND_0073639,1685,0.6605,"Missing: valuation, rust | Below: 4y vs 5y needed | Strong trajectory"
CAND_0073639,1686,0.6605,"Missing: valuation, rust | Below: 4y vs 5y needed | Strong trajectory"
CAND_0039386,1687,0.6605,"Matches: faiss | Missing: valuation, rust | 5y exp matches requirement | Strong trajectory"
CAND_0039386,1688,0.6605,"Matches: faiss | Missing: valuation, rust | 5y exp matches requirement | Strong trajectory"
CAND_0093530,1689,0.6605,"Matches: faiss, computer vision | Missing: valuation, rust | Below: 3y vs 5y needed | Strong trajectory"
CAND_0093530,1690,0.6605,"Matches: faiss, computer vision | Missing: valuation, rust | Below: 3y vs 5y needed | Strong trajectory"
CAND_0004005,1691,0.6604,"Matches: faiss, embeddings | Missing: valuation, rust | Over: 11y vs max 9y | Strong trajectory"
CAND_0001032,1692,0.6604,"Matches: go | Missing: valuation, rust | 8y exp matches requirement | Strong trajectory"
CAND_0000938,1693,0.6604,"Matches: computer vision, go | Missing: valuation, rust | 7y exp matches requirement | Strong trajectory"
CAND_0001082,1694,0.6604,"Missing: valuation, rust | 7y exp matches requirement | Strong trajectory"
CAND_0001082,1695,0.6604,"Missing: valuation, rust | 7y exp matches requirement | Strong trajectory"
CAND_0064636,1696,0.6604,"Matches: rust, faiss | Missing: valuation, git | 6y exp matches requirement | Strong trajectory"
CAND_0064636,1697,0.6604,"Matches: rust, faiss | Missing: valuation, git | 6y exp matches requirement | Strong trajectory"
CAND_0097889,1698,0.6604,"Matches: langchain, embeddings | Missing: valuation, rust | Over: 14y vs max 9y | Strong trajectory"
CAND_0097889,1699,0.6604,"Matches: langchain, embeddings | Missing: valuation, rust | Over: 14y vs max 9y | Strong trajectory"
CAND_0064125,1700,0.6604,"Matches: faiss, langchain | Missing: valuation, rust | 9y exp matches requirement | Strong trajectory"
CAND_0064125,1701,0.6604,"Matches: faiss, langchain | Missing: valuation, rust | 9y exp matches requirement | Strong trajectory"
CAND_0000121,1702,0.6603,"Matches: faiss | Missing: valuation, rust | Below: 4y vs 5y needed | Strong trajectory"
CAND_0003364,1703,0.6603,"Missing: valuation, rust | Over: 13y vs max 9y | Strong trajectory"
CAND_0001511,1704,0.6603,"Matches: rust, embeddings | Missing: valuation, git | Over: 14y vs max 9y | Strong trajectory"
CAND_0000618,1705,0.6603,"Missing: valuation, rust | 8y exp matches requirement | Strong trajectory"
CAND_0004579,1706,0.6603,"Missing: valuation, rust | 8y exp matches requirement | Strong trajectory"
CAND_0070082,1707,0.6603,"Matches: computer vision | Missing: valuation, rust | 5y exp matches requirement | Strong trajectory"
CAND_0070082,1708,0.6603,"Matches: computer vision | Missing: valuation, rust | 5y exp matches requirement | Strong trajectory"
CAND_0003291,1709,0.6602,"Matches: go, embeddings | Missing: valuation, rust | Below: 2y vs 5y needed"
CAND_0002530,1710,0.6602,"Missing: valuation, rust | Over: 9y vs max 9y | Strong trajectory"
CAND_0000715,1711,0.6602,"Missing: valuation, rust | Over: 10y vs max 9y | Strong trajectory"
CAND_0093900,1712,0.6602,"Missing: valuation, rust | 7y exp matches requirement | Strong trajectory"
CAND_0093900,1713,0.6602,"Missing: valuation, rust | 7y exp matches requirement | Strong trajectory"
CAND_0016657,1714,0.6601,"Matches: computer vision | Missing: valuation, rust | 5y exp matches requirement | Strong trajectory"
CAND_0016657,1715,0.6601,"Matches: computer vision | Missing: valuation, rust | 5y exp matches requirement | Strong trajectory"
CAND_0019504,1716,0.6601,"Matches: computer vision | Missing: valuation, rust | 6y exp matches requirement | Strong trajectory"
CAND_0019504,1717,0.6601,"Matches: computer vision | Missing: valuation, rust | 6y exp matches requirement | Strong trajectory"
CAND_0002713,1718,0.66,"Missing: valuation, rust | 6y exp matches requirement | Strong trajectory"
CAND_0003955,1719,0.66,"Matches: rust | Missing: valuation, git | 8y exp matches requirement | Strong trajectory"
CAND_0003698,1720,0.66,"Missing: valuation, rust | Below: 5y vs 5y needed | Strong trajectory"
CAND_0003630,1721,0.66,"Missing: valuation, rust | 5y exp matches requirement | Strong trajectory"
CAND_0010241,1722,0.66,"Matches: nlp, go | Missing: valuation, rust | 6y exp matches requirement | Strong trajectory"
CAND_0010241,1723,0.66,"Matches: nlp, go | Missing: valuation, rust | 6y exp matches requirement | Strong trajectory"
CAND_0021974,1724,0.66,"Matches: langchain, embeddings | Missing: valuation, rust | 6y exp matches requirement | Strong trajectory"
CAND_0021974,1725,0.66,"Matches: langchain, embeddings | Missing: valuation, rust | 6y exp matches requirement | Strong trajectory"
CAND_0092297,1726,0.66,"Matches: faiss | Missing: valuation, rust | Below: 5y vs 5y needed | Strong trajectory"
CAND_0092297,1727,0.66,"Matches: faiss | Missing: valuation, rust | Below: 5y vs 5y needed | Strong trajectory"
CAND_0003338,1728,0.6599,"Missing: valuation, rust | 8y exp matches requirement | Strong trajectory"
CAND_0084718,1729,0.6599,"Matches: faiss, langchain | Missing: valuation, rust | Below: 5y vs 5y needed | Strong trajectory"
CAND_0084718,1730,0.6599,"Matches: faiss, langchain | Missing: valuation, rust | Below: 5y vs 5y needed | Strong trajectory"
CAND_0002233,1731,0.6599,"Matches: python | Missing: valuation, rust | 8y exp matches requirement | Strong trajectory"
CAND_0003886,1732,0.6599,"Matches: rust | Missing: valuation, git | 6y exp matches requirement | Strong trajectory"
CAND_0000397,1733,0.6599,"Matches: computer vision | Missing: valuation, rust | Over: 10y vs max 9y | Strong trajectory"
CAND_0003523,1734,0.6599,"Matches: computer vision | Missing: valuation, rust | 7y exp matches requirement | Strong trajectory"
CAND_0004104,1735,0.6599,"Matches: go | Missing: valuation, rust | 7y exp matches requirement | Strong trajectory"
CAND_0004995,1736,0.6598,"Matches: rust, go | Missing: valuation, git | 7y exp matches requirement | Strong trajectory"
CAND_0002883,1737,0.6598,"Missing: valuation, rust | 8y exp matches requirement | Strong trajectory"
CAND_0003860,1738,0.6598,"Missing: valuation, rust | 7y exp matches requirement | Strong trajectory"
CAND_0000249,1739,0.6598,"Missing: valuation, rust | Over: 9y vs max 9y | Strong trajectory"
CAND_0016132,1740,0.6598,"Missing: valuation, rust | Below: 4y vs 5y needed | Strong trajectory"
CAND_0016132,1741,0.6598,"Missing: valuation, rust | Below: 4y vs 5y needed | Strong trajectory"
CAND_0003840,1742,0.6597,"Matches: faiss, langchain | Missing: valuation, rust | Over: 11y vs max 9y | Strong trajectory"
CAND_0004628,1743,0.6597,"Matches: rust, langchain | Missing: valuation, git | Below: 3y vs 5y needed | Strong trajectory"
CAND_0001001,1744,0.6597,"Missing: valuation, rust | 7y exp matches requirement | Strong trajectory"
CAND_0000965,1745,0.6597,"Matches: go | Missing: valuation, rust | 6y exp matches requirement | Strong trajectory"
CAND_0002189,1746,0.6597,"Missing: valuation, rust | 6y exp matches requirement | Strong trajectory"
CAND_0004744,1747,0.6597,"Missing: valuation, rust | Over: 12y vs max 9y | Strong trajectory"
CAND_0002240,1748,0.6597,"Missing: valuation, rust | 5y exp matches requirement | Strong trajectory"
CAND_0023671,1749,0.6597,"Missing: valuation, rust | Below: 4y vs 5y needed | Strong trajectory"
CAND_0023671,1750,0.6597,"Missing: valuation, rust | Below: 4y vs 5y needed | Strong trajectory"
CAND_0004831,1751,0.6596,"Matches: rust | Missing: valuation, git | Below: 4y vs 5y needed | Strong trajectory | Active candidate"
CAND_0003956,1752,0.6596,"Missing: valuation, rust | 7y exp matches requirement | Strong trajectory"
CAND_0003939,1753,0.6596,"Matches: rust | Missing: valuation, git | 8y exp matches requirement | Strong trajectory"
CAND_0014743,1754,0.6596,"Matches: python | Missing: valuation, rust | Below: 4y vs 5y needed | Strong trajectory"
CAND_0014743,1755,0.6596,"Matches: python | Missing: valuation, rust | Below: 4y vs 5y needed | Strong trajectory"
CAND_0016943,1756,0.6596,"Matches: langchain | Missing: valuation, rust | Over: 10y vs max 9y | Strong trajectory"
CAND_0016943,1757,0.6596,"Matches: langchain | Missing: valuation, rust | Over: 10y vs max 9y | Strong trajectory"
CAND_0003580,1758,0.6595,"Matches: faiss | Missing: valuation, rust | Over: 9y vs max 9y | Strong trajectory"
CAND_0032290,1759,0.6595,"Missing: valuation, rust | 5y exp matches requirement | Strong trajectory"
CAND_0032290,1760,0.6595,"Missing: valuation, rust | 5y exp matches requirement | Strong trajectory"
CAND_0092596,1761,0.6595,"Matches: nlp | Missing: valuation, rust | 7y exp matches requirement | Strong trajectory"
CAND_0092596,1762,0.6595,"Matches: nlp | Missing: valuation, rust | 7y exp matches requirement | Strong trajectory"
CAND_0000825,1763,0.6594,"Missing: valuation, rust | Over: 10y vs max 9y | Strong trajectory"
CAND_0000759,1764,0.6594,"Matches: go | Missing: valuation, rust | 7y exp matches requirement | Strong trajectory"
CAND_0003657,1765,0.6594,"Missing: valuation, rust | 8y exp matches requirement | Strong trajectory"
CAND_0072948,1766,0.6594,"Missing: valuation, rust | 6y exp matches requirement | Strong trajectory"
CAND_0072948,1767,0.6594,"Missing: valuation, rust | 6y exp matches requirement | Strong trajectory"
CAND_0043450,1768,0.6593,"Missing: valuation, rust | Below: 3y vs 5y needed | Strong trajectory"
CAND_0043450,1769,0.6593,"Missing: valuation, rust | Below: 3y vs 5y needed | Strong trajectory"
CAND_0008602,1770,0.6593,"Matches: go | Missing: valuation, rust | 6y exp matches requirement | Strong trajectory"
CAND_0008602,1771,0.6593,"Matches: go | Missing: valuation, rust | 6y exp matches requirement | Strong trajectory"
CAND_0000045,1772,0.6592,"Missing: valuation, rust | Over: 12y vs max 9y | Strong trajectory"
CAND_0001047,1773,0.6592,"Matches: rust | Missing: valuation, git | 9y exp matches requirement | Strong trajectory"
CAND_0002290,1774,0.6592,"Matches: go | Missing: valuation, rust | 7y exp matches requirement | Strong trajectory"
CAND_0001248,1775,0.6592,"Matches: computer vision, python | Missing: valuation, rust | 5y exp matches requirement | Strong trajectory"
CAND_0002012,1776,0.6592,"Missing: valuation, rust | Over: 9y vs max 9y | Strong trajectory"
CAND_0034456,1777,0.6592,"Matches: rust, langchain | Missing: valuation, git | 6y exp matches requirement | Strong trajectory"
CAND_0034456,1778,0.6592,"Matches: rust, langchain | Missing: valuation, git | 6y exp matches requirement | Strong trajectory"
CAND_0074537,1779,0.6592,"Matches: embeddings | Missing: valuation, rust | 7y exp matches requirement | Strong trajectory"
CAND_0074537,1780,0.6592,"Matches: embeddings | Missing: valuation, rust | 7y exp matches requirement | Strong trajectory"
CAND_0002393,1781,0.6591,"Matches: embeddings | Missing: valuation, rust | Over: 12y vs max 9y | Strong trajectory"
CAND_0003947,1782,0.6591,"Missing: valuation, rust | Over: 11y vs max 9y | Strong trajectory"
CAND_0046035,1783,0.6591,"Missing: valuation, rust | Below: 5y vs 5y needed | Strong trajectory"
CAND_0046035,1784,0.6591,"Missing: valuation, rust | Below: 5y vs 5y needed | Strong trajectory"
CAND_0000020,1785,0.659,"Missing: valuation, rust | 6y exp matches requirement | Strong trajectory"
CAND_0001065,1786,0.659,"Missing: valuation, rust | 7y exp matches requirement | Strong trajectory"
CAND_0003742,1787,0.659,"Matches: computer vision | Missing: valuation, rust | 8y exp matches requirement | Strong trajectory | Active candidate"
CAND_0003025,1788,0.659,"Matches: python | Missing: valuation, rust | Below: 5y vs 5y needed | Strong trajectory"
CAND_0003025,1789,0.659,"Matches: python | Missing: valuation, rust | Below: 5y vs 5y needed | Strong trajectory"
CAND_0001753,1790,0.6589,"Missing: valuation, rust | 9y exp matches requirement | Strong trajectory"
CAND_0003480,1791,0.6589,"Missing: valuation, rust | 7y exp matches requirement | Strong trajectory"
CAND_0000032,1792,0.6589,"Matches: python, embeddings | Missing: valuation, rust | 8y exp matches requirement | Strong trajectory"
CAND_0004869,1793,0.6589,"Missing: valuation, rust | 5y exp matches requirement | Strong trajectory"
CAND_0001939,1794,0.6589,"Missing: valuation, rust | 7y exp matches requirement | Strong trajectory"
CAND_0001406,1795,0.6588,"Matches: langchain | Missing: valuation, rust | 5y exp matches requirement | Strong trajectory"
CAND_0000458,1796,0.6588,"Matches: rust, go | Missing: valuation, git | 8y exp matches requirement | Strong trajectory"
CAND_0060303,1797,0.6588,"Matches: faiss | Missing: valuation, rust | Below: 5y vs 5y needed | Strong trajectory"
CAND_0060303,1798,0.6588,"Matches: faiss | Missing: valuation, rust | Below: 5y vs 5y needed | Strong trajectory"
CAND_0050146,1799,0.6588,"Matches: faiss | Missing: valuation, rust | Below: 3y vs 5y needed | Active candidate"
CAND_0050146,1800,0.6588,"Matches: faiss | Missing: valuation, rust | Below: 3y vs 5y needed | Active candidate"
CAND_0082059,1801,0.6588,"Missing: valuation, rust | 5y exp matches requirement | Strong trajectory"
CAND_0082059,1802,0.6588,"Missing: valuation, rust | 5y exp matches requirement | Strong trajectory"
CAND_0000215,1803,0.6587,"Missing: valuation, rust | 8y exp matches requirement | Strong trajectory"
CAND_0000110,1804,0.6587,"Missing: valuation, rust | Over: 10y vs max 9y | Strong trajectory"
CAND_0077776,1805,0.6587,"Matches: faiss, langchain | Missing: valuation, rust | 5y exp matches requirement | Strong trajectory"
CAND_0077776,1806,0.6587,"Matches: faiss, langchain | Missing: valuation, rust | 5y exp matches requirement | Strong trajectory"
CAND_0003701,1807,0.6586,"Matches: go | Missing: valuation, rust | Below: 4y vs 5y needed | Strong trajectory"
CAND_0002758,1808,0.6586,"Matches: go | Missing: valuation, rust | Over: 12y vs max 9y | Strong trajectory"
CAND_0003558,1809,0.6586,"Matches: go | Missing: valuation, rust | 5y exp matches requirement | Strong trajectory"
CAND_0099641,1810,0.6586,"Missing: valuation, rust | 7y exp matches requirement | Strong trajectory"
CAND_0099641,1811,0.6586,"Missing: valuation, rust | 7y exp matches requirement | Strong trajectory"
CAND_0099744,1812,0.6586,"Matches: nlp, langchain | Missing: valuation, rust | Below: 5y vs 5y needed | Strong trajectory"
CAND_0099744,1813,0.6586,"Matches: nlp, langchain | Missing: valuation, rust | Below: 5y vs 5y needed | Strong trajectory"
CAND_0002714,1814,0.6585,"Matches: go | Missing: valuation, rust | Over: 13y vs max 9y | Strong trajectory"
CAND_0003341,1815,0.6585,"Missing: valuation, rust | 7y exp matches requirement | Strong trajectory"
CAND_0000354,1816,0.6585,"Missing: valuation, rust | 6y exp matches requirement | Strong trajectory"
CAND_0051253,1817,0.6585,"Missing: valuation, rust | 7y exp matches requirement | Strong trajectory"
CAND_0051253,1818,0.6585,"Missing: valuation, rust | 7y exp matches requirement | Strong trajectory"
CAND_0001839,1819,0.6584,"Matches: go | Missing: valuation, rust | 5y exp matches requirement | Strong trajectory"
CAND_0001107,1820,0.6584,"Missing: valuation, rust | 8y exp matches requirement | Strong trajectory"
CAND_0012459,1821,0.6584,"Matches: nlp | Missing: valuation, rust | 7y exp matches requirement | Strong trajectory"
CAND_0012459,1822,0.6584,"Matches: nlp | Missing: valuation, rust | 7y exp matches requirement | Strong trajectory"
CAND_0022853,1823,0.6584,"Missing: valuation, rust | 6y exp matches requirement | Strong trajectory"
CAND_0022853,1824,0.6584,"Missing: valuation, rust | 6y exp matches requirement | Strong trajectory"
CAND_0004635,1825,0.6583,"Matches: rust, go | Missing: valuation, git | 7y exp matches requirement | Strong trajectory"
CAND_0004283,1826,0.6583,"Matches: rust | Missing: valuation, git | Over: 12y vs max 9y | Strong trajectory"
CAND_0003539,1827,0.6583,"Matches: go | Missing: valuation, rust | 7y exp matches requirement | Strong trajectory"
CAND_0004830,1828,0.6583,"Matches: go | Missing: valuation, rust | 6y exp matches requirement | Strong trajectory"
CAND_0000209,1829,0.6583,"Missing: valuation, rust | Over: 10y vs max 9y | Strong trajectory"
CAND_0041454,1830,0.6583,"Matches: faiss | Missing: valuation, rust | 6y exp matches requirement | Strong trajectory"
CAND_0041454,1831,0.6583,"Matches: faiss | Missing: valuation, rust | 6y exp matches requirement | Strong trajectory"
CAND_0016900,1832,0.6583,"Matches: go | Missing: valuation, rust | 6y exp matches requirement | Strong trajectory"
CAND_0016900,1833,0.6583,"Matches: go | Missing: valuation, rust | 6y exp matches requirement | Strong trajectory"
CAND_0095842,1834,0.6583,"Missing: valuation, rust | 6y exp matches requirement | Strong trajectory"
CAND_0095842,1835,0.6583,"Missing: valuation, rust | 6y exp matches requirement | Strong trajectory"
CAND_0023861,1836,0.6583,"Matches: computer vision, go | Missing: valuation, rust | 8y exp matches requirement | Strong trajectory"
CAND_0023861,1837,0.6583,"Matches: computer vision, go | Missing: valuation, rust | 8y exp matches requirement | Strong trajectory"
CAND_0003817,1838,0.6582,"Missing: valuation, rust | Over: 9y vs max 9y | Strong trajectory"
CAND_0002665,1839,0.6582,"Matches: python | Missing: valuation, rust | 6y exp matches requirement | Strong trajectory"
CAND_0001466,1840,0.6581,"Matches: rust | Missing: valuation, git | Below: 3y vs 5y needed | Strong trajectory"
CAND_0003904,1841,0.6581,"Matches: rust | Missing: valuation, git | Over: 9y vs max 9y | Strong trajectory"
CAND_0000186,1842,0.658,"Matches: go | Missing: valuation, rust | Over: 12y vs max 9y | Strong trajectory"
CAND_0000225,1843,0.658,"Matches: faiss | Missing: valuation, rust | 5y exp matches requirement | Strong trajectory"
CAND_0046079,1844,0.658,"Matches: computer vision | Missing: valuation, rust | 6y exp matches requirement | Strong trajectory"
CAND_0046079,1845,0.658,"Matches: computer vision | Missing: valuation, rust | 6y exp matches requirement | Strong trajectory"
CAND_0011735,1846,0.658,"Matches: faiss, computer vision | Missing: valuation, rust | 7y exp matches requirement | Strong trajectory"
CAND_0011735,1847,0.658,"Matches: faiss, computer vision | Missing: valuation, rust | 7y exp matches requirement | Strong trajectory"
CAND_0024610,1848,0.658,"Matches: computer vision | Missing: valuation, rust | 7y exp matches requirement | Strong trajectory"
CAND_0024610,1849,0.658,"Matches: computer vision | Missing: valuation, rust | 7y exp matches requirement | Strong trajectory"
CAND_0000525,1850,0.6579,"Matches: rust | Missing: valuation, git | Over: 10y vs max 9y | Strong trajectory"
CAND_0004398,1851,0.6579,"Missing: valuation, rust | 8y exp matches requirement | Strong trajectory"
CAND_0002442,1852,0.6579,"Missing: valuation, rust | Below: 4y vs 5y needed | Strong trajectory"
CAND_0023076,1853,0.6579,"Matches: langchain | Missing: valuation, rust | Below: 4y vs 5y needed | Strong trajectory"
CAND_0023076,1854,0.6579,"Matches: langchain | Missing: valuation, rust | Below: 4y vs 5y needed | Strong trajectory"
CAND_0033303,1855,0.6579,"Matches: computer vision | Missing: valuation, rust | Below: 4y vs 5y needed | Strong trajectory"
CAND_0033303,1856,0.6579,"Matches: computer vision | Missing: valuation, rust | Below: 4y vs 5y needed | Strong trajectory"
CAND_0001200,1857,0.6578,"Matches: rust, langchain | Missing: valuation, git | 8y exp matches requirement | Strong trajectory"
CAND_0004288,1858,0.6578,"Missing: valuation, rust | Below: 5y vs 5y needed | Strong trajectory"
CAND_0002926,1859,0.6578,"Missing: valuation, rust | Below: 4y vs 5y needed | Strong trajectory"
CAND_0061175,1860,0.6578,"Matches: python | Missing: valuation, rust | 7y exp matches requirement | Strong trajectory"
CAND_0061175,1861,0.6578,"Matches: python | Missing: valuation, rust | 7y exp matches requirement | Strong trajectory"
CAND_0018643,1862,0.6578,"Matches: computer vision, langchain | Missing: valuation, rust | Over: 10y vs max 9y | Strong trajectory"
CAND_0018643,1863,0.6578,"Matches: computer vision, langchain | Missing: valuation, rust | Over: 10y vs max 9y | Strong trajectory"
CAND_0018484,1864,0.6578,"Matches: faiss, langchain | Missing: valuation, rust | Over: 13y vs max 9y | Strong trajectory"
CAND_0018484,1865,0.6578,"Matches: faiss, langchain | Missing: valuation, rust | Over: 13y vs max 9y | Strong trajectory"
CAND_0003300,1866,0.6577,"Matches: rust | Missing: valuation, git | Over: 10y vs max 9y | Strong trajectory"
CAND_0000212,1867,0.6577,"Matches: faiss, go | Missing: valuation, rust | Over: 13y vs max 9y | Strong trajectory"
CAND_0003456,1868,0.6577,"Matches: rust | Missing: valuation, git | Over: 10y vs max 9y | Strong trajectory"
CAND_0011324,1869,0.6577,"Missing: valuation, rust | 6y exp matches requirement | Strong trajectory"
CAND_0011324,1870,0.6577,"Missing: valuation, rust | 6y exp matches requirement | Strong trajectory"
CAND_0067360,1871,0.6577,"Matches: faiss | Missing: valuation, rust | 5y exp matches requirement | Strong trajectory"
CAND_0067360,1872,0.6577,"Matches: faiss | Missing: valuation, rust | 5y exp matches requirement | Strong trajectory"
CAND_0030780,1873,0.6577,"Matches: rust | Missing: valuation, git | Below: 4y vs 5y needed | Strong trajectory | Active candidate"
CAND_0030780,1874,0.6577,"Matches: rust | Missing: valuation, git | Below: 4y vs 5y needed | Strong trajectory | Active candidate"
CAND_0003132,1875,0.6576,"Missing: valuation, rust | 9y exp matches requirement | Strong trajectory"
CAND_0036819,1876,0.6576,"Matches: faiss, langchain | Missing: valuation, rust | Below: 5y vs 5y needed | Strong trajectory"
CAND_0036819,1877,0.6576,"Matches: faiss, langchain | Missing: valuation, rust | Below: 5y vs 5y needed | Strong trajectory"
CAND_0000779,1878,0.6575,"Matches: rust, go | Missing: valuation, git | 7y exp matches requirement | Strong trajectory"
CAND_0002352,1879,0.6575,"Matches: go | Missing: valuation, rust | Over: 11y vs max 9y | Strong trajectory"
CAND_0003741,1880,0.6575,"Matches: faiss, embeddings | Missing: valuation, rust | Over: 12y vs max 9y | Strong trajectory"
CAND_0003119,1881,0.6574,"Matches: faiss | Missing: valuation, rust | 5y exp matches requirement | Strong trajectory"
CAND_0002839,1882,0.6574,"Matches: langchain | Missing: valuation, rust | Below: 4y vs 5y needed | Strong trajectory"
CAND_0001363,1883,0.6574,"Matches: faiss, langchain | Missing: valuation, rust | Over: 14y vs max 9y | Strong trajectory"
CAND_0004352,1884,0.6574,"Missing: valuation, rust | Over: 12y vs max 9y | Strong trajectory"
CAND_0003639,1885,0.6574,"Matches: go | Missing: valuation, rust | Over: 9y vs max 9y | Strong trajectory | Active candidate"
CAND_0097256,1886,0.6574,"Missing: valuation, rust | Below: 4y vs 5y needed | Strong trajectory"
CAND_0097256,1887,0.6574,"Missing: valuation, rust | Below: 4y vs 5y needed | Strong trajectory"
CAND_0002777,1888,0.6574,"Missing: valuation, rust | Below: 4y vs 5y needed | Strong trajectory"
CAND_0003044,1889,0.6574,"Missing: valuation, rust | Over: 9y vs max 9y | Strong trajectory"
CAND_0003298,1890,0.6573,"Missing: valuation, rust | Over: 10y vs max 9y | Strong trajectory"
CAND_0003671,1891,0.6573,"Missing: valuation, rust | Below: 4y vs 5y needed | Strong trajectory"
CAND_0000929,1892,0.6573,"Missing: valuation, rust | Below: 4y vs 5y needed | Strong trajectory"
CAND_0076949,1893,0.6573,"Missing: valuation, rust | 6y exp matches requirement | Strong trajectory"
CAND_0076949,1894,0.6573,"Missing: valuation, rust | 6y exp matches requirement | Strong trajectory"
CAND_0023079,1895,0.6573,"Missing: valuation, rust | 6y exp matches requirement | Strong trajectory"
CAND_0023079,1896,0.6573,"Missing: valuation, rust | 6y exp matches requirement | Strong trajectory"
CAND_0040480,1897,0.6573,"Missing: valuation, rust | 5y exp matches requirement | Strong trajectory"
CAND_0040480,1898,0.6573,"Missing: valuation, rust | 5y exp matches requirement | Strong trajectory"
CAND_0066707,1899,0.6573,"Matches: rust, faiss | Missing: valuation, git | Over: 12y vs max 9y | Strong trajectory"
CAND_0066707,1900,0.6573,"Matches: rust, faiss | Missing: valuation, git | Over: 12y vs max 9y | Strong trajectory"
CAND_0045439,1901,0.6573,"Matches: faiss, langchain | Missing: valuation, rust | Over: 11y vs max 9y | Strong trajectory"
CAND_0045439,1902,0.6573,"Matches: faiss, langchain | Missing: valuation, rust | Over: 11y vs max 9y | Strong trajectory"
CAND_0003719,1903,0.6572,"Matches: go | Missing: valuation, rust | 7y exp matches requirement | Strong trajectory"
CAND_0011293,1904,0.6572,"Missing: valuation, rust | 5y exp matches requirement | Strong trajectory"
CAND_0011293,1905,0.6572,"Missing: valuation, rust | 5y exp matches requirement | Strong trajectory"
CAND_0085470,1906,0.6572,"Matches: computer vision | Missing: valuation, rust | 6y exp matches requirement | Strong trajectory"
CAND_0085470,1907,0.6572,"Matches: computer vision | Missing: valuation, rust | 6y exp matches requirement | Strong trajectory"
CAND_0083067,1908,0.6572,"Matches: rust | Missing: valuation, git | Below: 5y vs 5y needed | Strong trajectory"
CAND_0083067,1909,0.6572,"Matches: rust | Missing: valuation, git | Below: 5y vs 5y needed | Strong trajectory"
CAND_0004166,1910,0.6571,"Missing: valuation, rust | Over: 9y vs max 9y | Strong trajectory"
CAND_0001979,1911,0.6571,"Matches: computer vision | Missing: valuation, rust | 6y exp matches requirement | Strong trajectory"
CAND_0088103,1912,0.6571,"Matches: rust | Missing: valuation, git | 7y exp matches requirement | Strong trajectory"
CAND_0088103,1913,0.6571,"Matches: rust | Missing: valuation, git | 7y exp matches requirement | Strong trajectory"
CAND_0072811,1914,0.6571,"Missing: valuation, rust | 7y exp matches requirement | Strong trajectory"
CAND_0072811,1915,0.6571,"Missing: valuation, rust | 7y exp matches requirement | Strong trajectory"
CAND_0002708,1916,0.657,"Matches: computer vision, langchain | Missing: valuation, rust | Below: 4y vs 5y needed | Strong trajectory"
CAND_0002881,1917,0.657,"Matches: computer vision | Missing: valuation, rust | Over: 11y vs max 9y | Strong trajectory"
CAND_0003816,1918,0.657,"Matches: go | Missing: valuation, rust | 8y exp matches requirement | Strong trajectory"
CAND_0000341,1919,0.657,"Missing: valuation, rust | Over: 12y vs max 9y | Strong trajectory | Active candidate"
CAND_0001337,1920,0.657,"Matches: embeddings | Missing: valuation, rust | Below: 5y vs 5y needed | Strong trajectory"
CAND_0018561,1921,0.657,"Matches: langchain, embeddings | Missing: valuation, rust | Over: 12y vs max 9y | Strong trajectory"
CAND_0018561,1922,0.657,"Matches: langchain, embeddings | Missing: valuation, rust | Over: 12y vs max 9y | Strong trajectory"
CAND_0004788,1923,0.6569,"Matches: faiss, langchain | Missing: valuation, rust | Over: 14y vs max 9y | Strong trajectory"
CAND_0000627,1924,0.6569,"Missing: valuation, rust | 7y exp matches requirement | Strong trajectory"
CAND_0084545,1925,0.6569,"Missing: valuation, rust | Below: 4y vs 5y needed | Strong trajectory | Active candidate"
CAND_0084545,1926,0.6569,"Missing: valuation, rust | Below: 4y vs 5y needed | Strong trajectory | Active candidate"
CAND_0019200,1927,0.6569,"Matches: faiss | Missing: valuation, rust | 7y exp matches requirement | Strong trajectory"
CAND_0019200,1928,0.6569,"Matches: faiss | Missing: valuation, rust | 7y exp matches requirement | Strong trajectory"
CAND_0009425,1929,0.6569,"Matches: faiss, langchain | Missing: valuation, rust | Over: 10y vs max 9y | Strong trajectory"
CAND_0009425,1930,0.6569,"Matches: faiss, langchain | Missing: valuation, rust | Over: 10y vs max 9y | Strong trajectory"
CAND_0058521,1931,0.6569,"Matches: faiss, langchain | Missing: valuation, rust | 6y exp matches requirement | Strong trajectory"
CAND_0058521,1932,0.6569,"Matches: faiss, langchain | Missing: valuation, rust | 6y exp matches requirement | Strong trajectory"
CAND_0004920,1933,0.6568,"Matches: faiss, embeddings | Missing: valuation, rust | Below: 4y vs 5y needed | Strong trajectory"
CAND_0000026,1934,0.6568,"Missing: valuation, rust | 7y exp matches requirement | Strong trajectory"
CAND_0002313,1935,0.6568,"Matches: go | Missing: valuation, rust | Over: 10y vs max 9y | Strong trajectory"
CAND_0003313,1936,0.6568,"Matches: rust, computer vision | Missing: valuation, git | Below: 4y vs 5y needed | Strong trajectory"
CAND_0004269,1937,0.6568,"Missing: valuation, rust | 7y exp matches requirement | Strong trajectory"
CAND_0002567,1938,0.6568,"Missing: valuation, rust | Below: 4y vs 5y needed | Strong trajectory"
CAND_0003147,1939,0.6568,"Matches: computer vision | Missing: valuation, rust | 8y exp matches requirement | Strong trajectory"
CAND_0032271,1940,0.6568,"Matches: langchain | Missing: valuation, rust | 7y exp matches requirement | Strong trajectory"
CAND_0032271,1941,0.6568,"Matches: langchain | Missing: valuation, rust | 7y exp matches requirement | Strong trajectory"
CAND_0001745,1942,0.6567,"Matches: computer vision | Missing: valuation, rust | Below: 4y vs 5y needed | Strong trajectory"
CAND_0004475,1943,0.6567,"Missing: valuation, rust | Over: 12y vs max 9y | Strong trajectory"
CAND_0004968,1944,0.6567,"Missing: valuation, rust | Over: 10y vs max 9y | Strong trajectory | Active candidate"
CAND_0058061,1945,0.6567,"Missing: valuation, rust | 7y exp matches requirement | Strong trajectory"
CAND_0058061,1946,0.6567,"Missing: valuation, rust | 7y exp matches requirement | Strong trajectory"
CAND_0002695,1947,0.6567,"Missing: valuation, rust | 7y exp matches requirement | Strong trajectory"
CAND_0008589,1948,0.6567,"Matches: rust | Missing: valuation, git | 7y exp matches requirement | Strong trajectory"
CAND_0008589,1949,0.6567,"Matches: rust | Missing: valuation, git | 7y exp matches requirement | Strong trajectory"
CAND_0068346,1950,0.6567,"Missing: valuation, rust | Below: 5y vs 5y needed | Strong trajectory"
CAND_0068346,1951,0.6567,"Missing: valuation, rust | Below: 5y vs 5y needed | Strong trajectory"
CAND_0070453,1952,0.6567,"Matches: nlp, go | Missing: valuation, rust | 5y exp matches requirement | Strong trajectory"
CAND_0070453,1953,0.6567,"Matches: nlp, go | Missing: valuation, rust | 5y exp matches requirement | Strong trajectory"
CAND_0001883,1954,0.6566,"Missing: valuation, rust | Over: 10y vs max 9y | Strong trajectory"
CAND_0000116,1955,0.6566,"Missing: valuation, rust | 7y exp matches requirement | Strong trajectory"
CAND_0000377,1956,0.6566,"Matches: rust | Missing: valuation, git | 6y exp matches requirement | Strong trajectory"
CAND_0004003,1957,0.6566,"Matches: go | Missing: valuation, rust | 7y exp matches requirement | Strong trajectory"
CAND_0048509,1958,0.6566,"Matches: faiss, python | Missing: valuation, rust | Below: 4y vs 5y needed | Strong trajectory"
CAND_0048509,1959,0.6566,"Matches: faiss, python | Missing: valuation, rust | Below: 4y vs 5y needed | Strong trajectory"
CAND_0007965,1960,0.6566,"Matches: faiss, langchain | Missing: valuation, rust | Over: 12y vs max 9y | Strong trajectory"
CAND_0007965,1961,0.6566,"Matches: faiss, langchain | Missing: valuation, rust | Over: 12y vs max 9y | Strong trajectory"
CAND_0087540,1962,0.6566,"Missing: valuation, rust | 8y exp matches requirement | Strong trajectory"
CAND_0087540,1963,0.6566,"Missing: valuation, rust | 8y exp matches requirement | Strong trajectory"
CAND_0053385,1964,0.6566,"Matches: rust, faiss | Missing: valuation, git | Below: 2y vs 5y needed"
CAND_0053385,1965,0.6566,"Matches: rust, faiss | Missing: valuation, git | Below: 2y vs 5y needed"
CAND_0003499,1966,0.6565,"Missing: valuation, rust | 9y exp matches requirement | Strong trajectory"
CAND_0004455,1967,0.6565,"Missing: valuation, rust | 8y exp matches requirement | Strong trajectory"
CAND_0002599,1968,0.6565,"Missing: valuation, rust | 8y exp matches requirement | Strong trajectory"
CAND_0023174,1969,0.6565,"Matches: go | Missing: valuation, rust | 6y exp matches requirement | Strong trajectory"
CAND_0023174,1970,0.6565,"Matches: go | Missing: valuation, rust | 6y exp matches requirement | Strong trajectory"
CAND_0000734,1971,0.6565,"Missing: valuation, rust | 6y exp matches requirement | Strong trajectory"
CAND_0003635,1972,0.6564,"Matches: faiss, langchain | Missing: valuation, rust | Below: 4y vs 5y needed | Strong trajectory"
CAND_0004680,1973,0.6564,"Matches: rust, go | Missing: valuation, git | 6y exp matches requirement | Strong trajectory"
CAND_0000042,1974,0.6564,"Missing: valuation, rust | 5y exp matches requirement | Strong trajectory"
CAND_0082432,1975,0.6564,"Matches: computer vision | Missing: valuation, rust | Below: 5y vs 5y needed | Strong trajectory"
CAND_0082432,1976,0.6564,"Matches: computer vision | Missing: valuation, rust | Below: 5y vs 5y needed | Strong trajectory"
CAND_0058325,1977,0.6564,"Missing: valuation, rust | 6y exp matches requirement | Strong trajectory"
CAND_0058325,1978,0.6564,"Missing: valuation, rust | 6y exp matches requirement | Strong trajectory"
CAND_0076746,1979,0.6564,"Missing: valuation, rust | 8y exp matches requirement | Strong trajectory"
CAND_0076746,1980,0.6564,"Missing: valuation, rust | 8y exp matches requirement | Strong trajectory"
CAND_0004231,1981,0.6563,"Matches: rust | Missing: valuation, git | 5y exp matches requirement | Strong trajectory"
CAND_0003863,1982,0.6563,"Missing: valuation, rust | 7y exp matches requirement | Strong trajectory"
CAND_0003808,1983,0.6563,"Matches: rust | Missing: valuation, git | Over: 9y vs max 9y | Strong trajectory"
CAND_0004924,1984,0.6563,"Missing: valuation, rust | 7y exp matches requirement | Strong trajectory"
CAND_0003171,1985,0.6563,"Missing: valuation, rust | Below: 3y vs 5y needed | Strong trajectory"
CAND_0037308,1986,0.6563,"Missing: valuation, rust | 8y exp matches requirement | Strong trajectory"
CAND_0037308,1987,0.6563,"Missing: valuation, rust | 8y exp matches requirement | Strong trajectory"
CAND_0058375,1988,0.6563,"Missing: valuation, rust | 7y exp matches requirement | Strong trajectory"
CAND_0058375,1989,0.6563,"Missing: valuation, rust | 7y exp matches requirement | Strong trajectory"
CAND_0002483,1990,0.6562,"Matches: rust | Missing: valuation, git | Over: 9y vs max 9y | Strong trajectory"
CAND_0003489,1991,0.6562,"Missing: valuation, rust | Over: 10y vs max 9y | Strong trajectory"
CAND_0001929,1992,0.6562,"Matches: rust | Missing: valuation, git | Over: 9y vs max 9y | Strong trajectory"
CAND_0001197,1993,0.6562,"Missing: valuation, rust | 8y exp matches requirement | Strong trajectory | Active candidate"
CAND_0004641,1994,0.6561,"Matches: faiss, langchain | Missing: valuation, rust | Below: 2y vs 5y needed | Strong trajectory"
CAND_0008355,1995,0.6561,"Matches: rust, langchain | Missing: valuation, git | 6y exp matches requirement | Strong trajectory"
CAND_0008355,1996,0.6561,"Matches: rust, langchain | Missing: valuation, git | 6y exp matches requirement | Strong trajectory"
CAND_0059772,1997,0.6561,"Missing: valuation, rust | Below: 4y vs 5y needed | Strong trajectory"
CAND_0059772,1998,0.6561,"Missing: valuation, rust | Below: 4y vs 5y needed | Strong trajectory"
CAND_0002285,1999,0.656,"Missing: valuation, rust | 6y exp matches requirement | Strong trajectory"
CAND_0001835,2000,0.656,"Missing: valuation, rust | Below: 4y vs 5y needed | Strong trajectory"
